FECHA,HORA,AGU_PM10,ATM_PM10,CEN_PM10,LDO_PM10,LPIN_PM10,MIR_PM10,OBL_PM10,SFE_PM10,TLA_PM10,VAL_PM10,HR,TMP,WS,PM10-2,PM10-1
2018-01-01 00:00:00,00:00,42.6,89.2,85.03,163.3,238.2,103.55,88.5,80.844,104.3,35.3,54.1,20.6,0.86,85.8,89.9
2018-01-01 02:00:00,02:00,64.6,71.5,137.62,215.0,223.2,244.17,115.0,104.96,174.1,34.6,62.2,20.8,0.42,238.2,224.3
2018-01-01 06:00:00,06:00,47.6,70.7,176.09,141.5,187.2,231.61,80.1,184.18,199.0,69.8,73.3,20.9,1.23,261.0,273.2
2018-01-01 07:00:00,07:00,40.6,60.1,170.03,151.9,102.5,250.93,72.5,180.06,159.9,64.8,72.0,20.9,0.52,273.2,187.2
2018-01-01 08:00:00,08:00,40.1,64.9,148.18,99.4,150.6,250.54,59.6,170.0,127.6,67.8,72.6,20.8,0.71,187.2,102.5
2018-01-01 09:00:00,09:00,52.8,59.5,87.18,83.5,102.2,141.7,30.7,165.13,61.6,98.5,52.7,20.6,0.73,102.5,150.6
2018-01-01 10:00:00,10:00,59.3,54.0,46.87,54.8,31.3,65.73,27.2,118.97,30.5,75.2,42.3,20.2,1.45,150.6,102.2
2018-01-01 11:00:00,11:00,42.1,37.7,35.32,40.2,27.3,43.3,26.5,66.73100000000001,27.2,41.1,36.4,20.7,1.43,102.2,31.3
2018-01-01 12:00:00,12:00,40.0,29.6,31.82,37.1,28.9,29.57,22.8,63.145,17.8,23.1,33.0,21.1,1.57,31.3,27.3
2018-01-01 13:00:00,13:00,41.5,20.0,29.68,33.0,26.7,30.32,19.1,60.001000000000005,17.2,27.3,30.7,21.3,1.16,27.3,28.9
2018-01-01 14:00:00,14:00,32.5,12.8,29.57,29.1,25.3,33.89,20.4,50.403,22.2,24.2,28.7,21.4,1.45,28.9,26.7
2018-01-01 15:00:00,15:00,37.8,17.2,28.19,32.3,25.0,34.95,23.4,40.044000000000004,30.6,33.5,25.1,21.4,1.69,26.7,25.3
2018-01-01 16:00:00,16:00,43.8,26.1,33.15,41.8,24.8,33.34,35.1,43.938,46.5,37.1,25.2,21.3,1.28,25.3,25.0
2018-01-01 17:00:00,17:00,39.9,36.1,34.95,40.9,28.1,31.36,37.0,38.66,50.0,44.9,25.2,21.3,1.53,25.0,24.8
2018-01-01 18:00:00,18:00,42.9,51.9,38.88,58.3,109.4,49.57,45.4,45.975,56.8,39.8,30.6,20.9,1.39,24.8,28.1
2018-01-01 19:00:00,19:00,56.7,61.0,51.91,94.4,225.3,67.44,42.7,69.96,73.8,63.7,36.1,20.7,1.09,28.1,109.4
2018-01-01 20:00:00,20:00,69.3,48.7,88.48,94.2,173.2,140.2,67.3,70.339,114.9,70.9,41.9,20.7,0.36,109.4,225.3
2018-01-01 21:00:00,21:00,71.6,38.5,107.9,102.6,200.8,173.3,86.4,136.82,100.4,67.4,47.8,20.8,0.09,225.3,173.2
2018-01-01 22:00:00,22:00,63.5,36.1,119.43,112.6,230.6,157.83,94.9,181.79,96.1,72.9,53.5,20.8,0.54,173.2,200.8
2018-01-01 23:00:00,23:00,51.3,34.7,104.14,71.2,219.3,200.72,84.3,119.69,86.5,63.7,57.5,21.0,1.64,200.8,230.6
2018-01-02 00:00:00,00:00,38.7,40.0,98.87,67.7,80.1,130.14,79.6,126.25,78.4,55.8,55.3,20.8,2.11,230.6,219.3
2018-01-02 01:00:00,01:00,36.8,52.6,83.16,57.6,82.7,85.01,74.5,78.71,70.0,68.0,57.1,21.0,0.84,219.3,80.1
2018-01-02 02:00:00,02:00,40.7,59.3,57.36,44.0,82.6,75.68,45.1,100.83,50.0,70.3,62.6,20.9,0.97,80.1,82.7
2018-01-02 03:00:00,03:00,44.2,52.4,49.44,37.7,46.7,57.82,25.7,84.53299999999999,47.5,45.7,62.8,20.9,0.44,82.7,82.6
2018-01-02 04:00:00,04:00,39.0,46.5,53.53,43.6,49.1,55.17,35.4,69.454,44.1,49.1,65.8,21.0,0.97,82.6,46.7
2018-01-02 05:00:00,05:00,37.3,47.7,50.06,36.7,64.3,51.19,43.2,91.387,41.7,60.0,68.3,21.1,1.29,46.7,49.1
2018-01-02 06:00:00,06:00,38.5,54.7,53.6,41.9,101.1,58.29,44.3,110.96,46.2,51.8,71.0,21.1,0.63,49.1,64.3
2018-01-02 07:00:00,07:00,55.2,52.3,53.74,43.4,138.9,86.6,46.8,146.16,49.2,52.9,75.5,21.2,0.24,64.3,101.1
2018-01-02 08:00:00,08:00,64.9,55.0,50.15,41.8,158.2,79.47,44.7,117.78,41.8,62.5,73.0,21.1,0.27,101.1,138.9
2018-01-02 09:00:00,09:00,69.7,45.6,46.05,44.2,63.8,91.09,47.8,130.67,37.2,47.9,59.4,20.8,1.08,138.9,158.2
2018-01-02 10:00:00,10:00,73.9,34.3,49.51,47.2,65.9,61.69,43.8,111.86,28.4,44.9,48.5,20.4,1.38,158.2,63.8
2018-01-02 11:00:00,11:00,53.3,44.7,45.22,37.7,60.5,58.67,46.4,112.94,38.3,47.9,42.4,20.3,1.34,63.8,65.9
2018-01-02 12:00:00,12:00,66.3,35.6,48.62,39.1,52.3,70.7,43.0,68.71300000000001,38.7,56.8,38.3,21.0,1.25,65.9,60.5
2018-01-02 13:00:00,13:00,71.2,36.4,51.42,40.5,44.0,66.64,52.6,54.148999999999994,41.6,63.0,34.1,21.4,1.21,60.5,52.3
2018-01-02 14:00:00,14:00,50.4,43.5,44.83,36.6,39.9,59.55,45.7,77.309,46.2,47.9,30.0,21.5,1.38,52.3,44.0
2018-01-02 15:00:00,15:00,42.1,41.3,51.35,41.6,49.4,49.41,40.3,68.67399999999999,44.6,41.2,28.6,21.5,1.28,44.0,39.9
2018-01-02 16:00:00,16:00,40.1,37.2,42.62,36.1,60.6,40.1,44.9,64.476,42.1,38.1,28.1,21.4,1.37,39.9,49.4
2018-01-02 17:00:00,17:00,44.6,42.9,50.52,39.6,67.2,34.2,46.2,81.67399999999999,51.2,43.6,30.3,21.4,1.3,49.4,60.6
2018-01-02 18:00:00,18:00,41.6,53.1,60.83,70.0,105.2,42.61,47.1,95.689,50.8,60.2,32.5,21.0,1.27,60.6,67.2
2018-01-02 19:00:00,19:00,62.1,73.8,63.9,110.5,277.9,65.45,65.0,160.19,61.2,67.7,37.5,20.6,1.02,67.2,105.2
2018-01-02 20:00:00,20:00,85.4,74.5,82.65,144.5,296.5,87.32,57.1,132.24,69.4,67.8,42.9,20.6,0.53,105.2,277.9
2018-01-02 21:00:00,21:00,84.1,66.4,89.81,153.6,173.1,83.71,81.5,165.61,81.7,63.2,44.7,20.8,1.07,277.9,296.5
2018-01-02 22:00:00,22:00,64.1,55.4,68.65,137.2,108.0,59.64,61.4,146.07,75.4,59.4,49.0,20.8,1.53,296.5,173.1
2018-01-02 23:00:00,23:00,39.9,39.9,65.71,105.7,93.5,85.87,37.3,118.39,79.5,27.1,56.6,20.8,1.5,173.1,108.0
2018-01-03 00:00:00,00:00,36.0,40.4,56.63,94.3,86.2,68.69,32.7,113.79,64.9,22.5,59.6,21.1,0.75,108.0,93.5
2018-01-03 01:00:00,01:00,31.7,37.4,57.62,79.4,90.8,64.2,35.0,70.954,62.3,27.9,65.9,20.9,0.81,93.5,86.2
2018-01-03 02:00:00,02:00,29.6,32.6,59.94,66.5,79.6,118.18,29.2,59.20399999999999,57.1,27.8,70.6,21.0,0.16,86.2,90.8
2018-01-03 03:00:00,03:00,38.9,28.8,45.14,66.5,87.8,129.21,21.1,71.954,61.9,34.1,72.9,21.1,1.03,90.8,79.6
2018-01-03 04:00:00,04:00,36.6,24.4,47.34,43.9,139.1,96.49,22.9,115.96,51.3,33.8,79.6,21.1,0.37,79.6,87.8
2018-01-03 05:00:00,05:00,35.0,26.6,81.76,39.4,150.8,116.76,36.1,114.43,41.4,34.3,83.5,21.1,0.07,87.8,139.1
2018-01-03 06:00:00,06:00,36.4,37.8,92.4,54.4,137.3,169.0,40.6,114.61,50.5,40.1,82.7,21.3,0.54,139.1,150.8
2018-01-03 07:00:00,07:00,45.9,39.3,74.21,71.5,128.0,172.43,53.7,141.8,73.6,63.5,82.2,21.3,0.57,150.8,137.3
2018-01-03 08:00:00,08:00,66.8,67.5,89.02,77.3,139.6,175.27,60.0,153.31,88.3,73.6,78.9,21.1,0.71,137.3,128.0
2018-01-03 12:00:00,12:00,57.0,43.9,47.22,43.8,63.9,49.55,41.4,144.63,43.9,52.5,36.5,21.2,1.86,161.8,60.2
2018-01-03 13:00:00,13:00,48.9,38.7,40.23,30.1,58.2,43.82,30.9,96.51700000000001,35.1,51.8,32.3,21.4,1.66,60.2,63.9
2018-01-03 14:00:00,14:00,44.6,24.8,38.11,27.2,52.7,36.03,26.9,76.58,36.9,39.9,25.2,21.4,2.0,63.9,58.2
2018-01-03 15:00:00,15:00,48.8,28.6,35.52,28.3,51.5,54.22,29.9,59.312,48.0,43.8,23.0,21.3,2.49,58.2,52.7
2018-01-03 16:00:00,16:00,45.3,39.0,45.44,38.7,56.2,49.93,31.2,60.577,50.9,44.4,24.1,21.3,1.69,52.7,51.5
2018-01-03 17:00:00,17:00,46.1,49.4,45.08,49.2,81.7,50.12,37.5,56.75899999999999,56.3,45.2,26.4,21.3,2.48,51.5,56.2
2018-01-03 18:00:00,18:00,56.9,63.7,59.01,69.7,135.9,91.18,51.9,93.835,72.3,59.9,32.1,20.9,1.51,56.2,81.7
2018-01-03 19:00:00,19:00,102.4,88.3,81.87,93.2,277.9,146.65,62.4,101.94,75.8,68.2,39.3,20.7,0.83,81.7,135.9
2018-01-03 20:00:00,20:00,86.9,67.6,136.06,116.2,258.3,136.86,57.4,136.7,91.8,72.3,43.5,20.8,0.29,135.9,277.9
2018-01-03 21:00:00,21:00,82.1,66.2,168.5,144.3,293.4,121.04,61.2,187.86,103.5,69.7,50.1,21.0,1.06,277.9,258.3
2018-01-03 22:00:00,22:00,80.8,66.7,149.44,146.8,211.1,185.41,79.4,221.84,105.2,63.6,50.8,21.0,2.15,258.3,293.4
2018-01-03 23:00:00,23:00,40.8,57.3,115.39,92.6,113.7,60.39,83.0,138.53,75.3,36.6,53.7,21.1,2.46,293.4,211.1
2018-01-04 00:00:00,00:00,28.5,59.1,81.78,60.4,76.6,30.53,74.8,68.08,46.5,39.6,58.2,21.0,2.49,211.1,113.7
2018-01-04 01:00:00,01:00,27.4,73.9,79.21,57.5,109.5,57.82,54.9,65.977,65.6,64.1,60.1,21.2,1.43,113.7,76.6
2018-01-04 02:00:00,02:00,50.5,56.7,64.89,37.4,108.8,65.23,32.4,93.069,61.7,54.5,64.2,21.1,0.86,76.6,109.5
2018-01-04 03:00:00,03:00,46.3,38.0,51.23,30.2,105.2,76.4,29.3,95.96799999999999,48.2,40.2,68.6,21.2,0.76,109.5,108.8
2018-01-04 04:00:00,04:00,34.5,41.2,42.96,34.3,78.1,89.16,29.4,73.255,47.3,36.0,71.2,21.2,0.56,108.8,105.2
2018-01-04 05:00:00,05:00,30.7,57.3,35.78,38.4,50.3,73.66,34.5,105.7,47.9,40.3,62.3,21.3,1.34,105.2,78.1
2018-01-04 06:00:00,06:00,43.4,55.4,41.38,38.5,52.0,74.42,34.8,138.35,47.9,40.5,60.1,21.4,1.15,78.1,50.3
2018-01-04 07:00:00,07:00,61.2,41.7,49.83,41.7,78.8,108.01,36.9,140.65,45.1,53.1,63.0,21.4,1.07,50.3,52.0
2018-01-04 08:00:00,08:00,79.3,58.7,53.08,46.5,94.7,118.54,53.3,146.05,46.5,83.7,58.5,21.3,1.43,52.0,78.8
2018-01-04 09:00:00,09:00,71.0,72.6,55.12,50.1,90.3,75.43,38.6,134.68,52.2,75.6,50.2,20.9,0.84,78.8,94.7
2018-01-04 10:00:00,10:00,71.7,59.3,43.3,41.8,64.1,63.29,33.7,96.764,40.7,64.1,44.6,20.3,1.79,94.7,90.3
2018-01-04 11:00:00,11:00,69.3,45.6,47.26,59.9,74.6,74.73,33.8,124.37,40.0,67.4,41.0,20.4,1.39,90.3,64.1
2018-01-04 12:00:00,12:00,74.6,35.3,45.28,57.7,74.8,70.47,43.7,102.85,36.2,66.2,36.3,21.0,1.02,64.1,74.6
2018-01-04 13:00:00,13:00,69.3,31.3,44.75,68.0,74.1,61.17,60.8,97.925,39.0,64.8,33.5,21.2,1.42,74.6,74.8
2018-01-04 14:00:00,14:00,67.1,26.7,42.94,56.1,61.7,68.0,33.1,106.07,48.6,56.2,28.4,21.3,1.39,74.8,74.1
2018-01-04 15:00:00,15:00,70.3,45.9,63.66,57.5,58.7,61.45,40.1,73.064,60.8,74.1,28.6,21.4,1.35,74.1,61.7
2018-01-04 16:00:00,16:00,65.9,50.1,68.12,50.3,57.5,48.08,44.7,73.976,58.9,74.1,27.4,21.4,1.46,61.7,58.7
2018-01-04 17:00:00,17:00,57.3,42.4,59.59,59.8,70.8,63.82,44.0,80.717,75.2,63.3,29.9,21.4,1.71,58.7,57.5
2018-01-04 18:00:00,18:00,55.2,53.6,58.63,85.2,105.9,78.12,51.5,68.737,73.4,65.9,34.1,21.1,1.66,57.5,70.8
2018-01-04 19:00:00,19:00,74.4,70.8,71.75,108.9,257.4,67.96,68.7,116.34,76.4,68.4,37.6,20.7,1.17,70.8,105.9
2018-01-04 20:00:00,20:00,78.7,75.2,85.4,126.9,286.8,83.67,75.3,178.21,83.9,75.8,43.7,20.7,1.87,105.9,257.4
2018-01-04 21:00:00,21:00,56.3,63.9,81.24,129.5,128.5,76.27,74.9,192.99,113.3,61.4,46.0,20.9,2.3,257.4,286.8
2018-01-04 22:00:00,22:00,38.2,40.5,62.8,89.1,103.5,60.28,41.1,85.62899999999999,81.2,55.2,52.6,21.0,1.84,286.8,128.5
2018-01-04 23:00:00,23:00,28.2,26.2,54.29,96.9,67.4,64.01,20.8,83.34100000000001,58.2,40.5,60.5,21.2,1.38,128.5,103.5
2018-01-05 00:00:00,00:00,21.3,29.9,58.87,102.4,88.8,79.18,20.5,41.425,66.7,36.9,63.8,21.1,0.32,103.5,67.4
2018-01-05 02:00:00,02:00,32.7,21.9,61.81,39.9,62.9,52.99,23.8,57.67,56.1,22.6,70.1,21.2,0.71,88.8,54.2
2018-01-05 03:00:00,03:00,32.2,22.5,65.96,43.1,57.2,69.7,21.5,56.738,43.5,28.9,75.1,21.3,0.11,54.2,62.9
2018-01-05 04:00:00,04:00,24.5,23.9,67.82,29.7,67.3,85.94,30.3,49.105,39.8,37.7,79.9,21.4,0.69,62.9,57.2
2018-01-05 05:00:00,05:00,23.5,29.7,55.9,29.5,77.2,114.73,39.8,55.903999999999996,36.3,40.5,80.9,21.5,0.92,57.2,67.3
2018-01-05 06:00:00,06:00,38.8,40.9,53.88,43.0,96.0,102.91,39.4,88.711,47.6,45.6,80.9,21.3,1.37,67.3,77.2
2018-01-05 07:00:00,07:00,52.6,42.8,63.78,66.7,213.5,85.36,42.8,124.37,58.6,54.4,81.7,21.4,1.02,77.2,96.0
2018-01-05 08:00:00,08:00,73.1,48.3,86.04,84.1,242.7,119.61,67.0,112.2,60.0,62.5,79.0,21.4,0.91,96.0,213.5
2018-01-05 09:00:00,09:00,92.3,69.1,93.58,96.2,143.7,188.9,69.5,161.36,65.4,69.1,65.0,20.9,0.53,213.5,242.7
2018-01-05 10:00:00,10:00,99.4,64.0,98.06,86.8,110.9,141.34,82.3,141.5,94.7,79.4,53.8,20.3,0.85,242.7,143.7
2018-01-05 11:00:00,11:00,71.3,64.1,82.69,53.6,65.9,83.01,59.6,101.38,66.1,61.5,35.8,20.7,1.11,143.7,110.9
2018-01-05 12:00:00,12:00,58.2,73.3,60.52,40.4,48.0,50.73,45.5,66.747,57.0,61.2,29.9,21.1,2.1,110.9,65.9
2018-01-05 13:00:00,13:00,42.6,44.6,37.57,43.5,43.4,31.91,40.2,54.981,41.7,58.9,25.8,21.1,2.42,65.9,48.0
2018-01-05 14:00:00,14:00,28.8,28.5,36.34,32.4,46.1,26.08,36.9,47.816,36.7,28.5,22.2,21.2,2.76,48.0,43.4
2018-01-05 15:00:00,15:00,31.1,15.5,35.31,31.3,44.3,26.49,28.6,37.9,39.1,26.5,21.6,21.2,2.86,43.4,46.1
2018-01-05 16:00:00,16:00,37.1,26.1,31.79,34.5,60.6,32.43,26.7,44.913999999999994,31.4,24.7,20.9,21.2,2.9,46.1,44.3
2018-01-05 17:00:00,17:00,32.6,29.1,34.34,33.1,56.3,29.34,25.5,46.218999999999994,35.7,31.3,23.5,21.3,2.71,44.3,60.6
2018-01-05 18:00:00,18:00,43.1,50.4,36.39,42.9,100.9,30.73,30.6,58.391000000000005,44.5,39.1,27.7,21.0,2.41,60.6,56.3
2018-01-05 19:00:00,19:00,80.4,73.8,57.47,64.3,171.6,56.68,45.3,91.944,53.3,56.9,32.4,20.7,1.85,56.3,100.9
2018-01-05 20:00:00,20:00,87.8,78.6,73.26,93.2,135.1,83.21,53.3,165.98,64.9,47.8,35.9,20.8,3.35,100.9,171.6
2018-01-05 21:00:00,21:00,59.7,58.6,45.81,72.7,105.4,71.96,53.1,231.01,52.5,32.5,37.8,20.9,2.25,171.6,135.1
2018-01-05 22:00:00,22:00,39.4,37.0,27.63,54.2,128.7,53.67,34.5,73.547,46.2,20.9,42.3,21.0,1.65,135.1,105.4
2018-01-05 23:00:00,23:00,28.6,24.1,36.29,81.3,63.0,73.2,27.4,47.696000000000005,47.5,23.0,44.9,21.1,1.72,105.4,128.7
2018-01-06 00:00:00,00:00,30.5,15.3,45.88,80.1,32.4,46.0,23.5,46.736000000000004,46.8,23.7,46.7,20.9,1.78,128.7,63.0
2018-01-06 01:00:00,01:00,19.4,20.0,38.57,43.7,47.3,39.51,22.7,50.405,38.9,22.9,51.4,21.2,1.29,63.0,32.4
2018-01-06 02:00:00,02:00,17.7,23.0,31.53,37.5,53.6,88.59,18.2,49.669,42.1,14.0,54.5,21.3,0.94,32.4,47.3
2018-01-06 03:00:00,03:00,36.7,24.4,19.3,41.5,73.8,118.56,25.5,48.604,35.2,24.3,63.5,21.3,1.02,47.3,53.6
2018-01-06 04:00:00,04:00,47.9,18.9,21.39,35.7,116.0,58.36,30.5,47.783,30.3,20.8,67.4,21.3,1.12,53.6,73.8
2018-01-06 05:00:00,05:00,34.8,28.1,31.14,33.6,91.7,33.0,39.7,57.233000000000004,34.4,23.5,69.3,21.4,0.46,73.8,116.0
2018-01-06 06:00:00,06:00,34.2,37.4,49.35,28.7,109.7,82.54,46.7,65.64399999999999,43.7,24.9,75.2,21.7,1.01,116.0,91.7
2018-01-06 07:00:00,07:00,45.0,30.0,72.17,29.1,188.1,127.63,57.4,97.272,50.7,49.7,76.2,21.5,0.19,91.7,109.7
2018-01-06 08:00:00,08:00,66.9,49.6,79.42,69.0,168.3,125.26,74.4,146.23,64.0,76.9,72.8,21.5,0.32,109.7,188.1
2018-01-06 09:00:00,09:00,70.5,78.2,66.11,81.6,102.6,163.55,56.3,214.26,58.5,72.0,54.3,20.9,1.3,188.1,168.3
2018-01-06 10:00:00,10:00,65.1,70.8,54.4,49.5,55.9,108.57,46.7,149.03,57.5,57.3,35.8,20.3,1.16,168.3,102.6
2018-01-06 11:00:00,11:00,65.8,41.4,37.43,29.4,45.8,49.57,26.4,129.6,44.7,43.6,28.0,20.7,1.66,102.6,55.9
2018-01-06 12:00:00,12:00,55.6,17.0,22.69,20.8,43.2,35.26,21.3,108.21,30.3,28.8,24.4,20.9,1.28,55.9,45.8
2018-01-06 13:00:00,13:00,31.7,14.6,21.62,23.1,31.7,36.37,15.9,91.387,23.8,24.8,21.3,20.9,1.77,45.8,43.2
2018-01-06 14:00:00,14:00,36.1,12.3,23.0,24.4,38.3,34.93,17.3,93.74799999999999,24.2,26.6,19.7,21.0,1.37,43.2,31.7
2018-01-06 15:00:00,15:00,43.6,21.4,31.64,24.4,46.0,37.87,17.3,55.272,32.1,30.6,19.2,21.1,1.72,31.7,38.3
2018-01-06 16:00:00,16:00,40.9,27.7,28.6,34.1,48.7,40.59,27.9,44.813,36.7,35.5,18.5,21.1,1.82,38.3,46.0
2018-01-06 17:00:00,17:00,42.9,33.5,44.7,46.4,58.8,42.44,40.0,40.477,45.9,42.8,18.3,21.2,1.8,46.0,48.7
2018-01-06 18:00:00,18:00,46.6,65.6,46.58,68.0,123.3,48.08,48.7,40.911,56.1,47.3,21.7,21.2,0.73,48.7,58.8
2018-01-06 19:00:00,19:00,97.1,93.8,56.52,86.1,199.7,71.82,60.9,87.214,67.4,61.9,28.6,20.7,1.39,58.8,123.3
2018-01-06 20:00:00,20:00,85.6,97.9,82.66,82.4,305.3,111.96,68.6,107.27,121.8,59.8,32.7,20.9,0.89,123.3,199.7
2018-01-06 21:00:00,21:00,99.4,81.8,99.39,102.5,326.5,121.71,59.4,195.82,137.4,85.2,35.8,21.0,1.21,199.7,305.3
2018-01-07 01:00:00,01:00,63.6,48.3,186.78,90.4,106.4,204.11,93.0,138.22,163.9,73.8,49.0,21.2,1.7,299.8,238.0
2018-01-07 02:00:00,02:00,53.7,40.1,183.39,74.6,162.4,143.66,71.3,154.4,131.6,47.5,60.2,21.2,0.97,238.0,106.4
2018-01-07 03:00:00,03:00,57.8,35.5,151.79,77.9,206.0,116.39,59.2,150.87,105.1,37.4,64.9,21.4,0.4,106.4,162.4
2018-01-07 04:00:00,04:00,56.0,38.5,120.01,71.4,215.9,88.31,61.1,131.92,89.5,33.9,68.5,21.5,0.29,162.4,206.0
2018-01-07 05:00:00,05:00,66.1,55.2,91.43,57.9,175.0,108.36,46.9,182.31,84.3,51.9,69.8,21.6,0.76,206.0,215.9
2018-01-07 06:00:00,06:00,73.6,39.1,78.27,63.2,136.6,134.16,38.6,194.33,82.9,77.9,68.8,21.4,0.05,215.9,175.0
2018-01-07 07:00:00,07:00,50.0,24.7,87.52,86.8,136.2,98.88,41.0,187.12,89.0,63.2,71.6,21.7,0.02,175.0,136.6
2018-01-07 08:00:00,08:00,50.3,49.4,92.04,86.6,179.6,115.23,54.2,204.23,83.8,61.4,68.0,21.5,0.26,136.6,136.2
2018-01-07 12:00:00,12:00,73.8,36.8,44.19,28.8,41.2,76.85,33.2,72.872,36.4,54.5,27.9,21.0,0.82,95.9,66.4
2018-01-07 13:00:00,13:00,57.9,34.7,39.52,27.1,41.5,103.85,33.7,47.865,32.8,42.3,26.0,21.1,2.03,66.4,41.2
2018-01-07 14:00:00,14:00,34.8,25.3,35.79,51.9,50.3,64.44,29.8,57.376999999999995,23.9,24.3,26.4,21.2,2.9,41.2,41.5
2018-01-07 15:00:00,15:00,33.4,18.6,29.19,35.3,35.5,44.34,27.0,52.946000000000005,25.0,16.2,21.9,21.2,2.98,41.5,50.3
2018-01-07 16:00:00,16:00,29.5,20.5,21.7,32.6,28.7,29.47,24.9,46.238,30.2,17.4,20.8,21.2,3.02,50.3,35.5
2018-01-07 17:00:00,17:00,23.0,29.9,24.23,35.9,32.5,27.87,22.7,51.736000000000004,28.3,26.4,23.0,21.2,2.82,35.5,28.7
2018-01-07 18:00:00,18:00,29.5,46.7,29.24,36.8,62.8,34.0,20.4,63.105,35.0,31.8,27.5,21.2,2.21,28.7,32.5
2018-01-07 19:00:00,19:00,63.0,66.9,35.48,68.8,107.8,48.63,32.7,87.917,45.7,37.0,33.0,20.6,2.19,32.5,62.8
2018-01-07 20:00:00,20:00,86.9,66.2,43.69,88.4,76.0,58.13,38.8,142.26,50.5,34.1,34.8,20.8,3.63,62.8,107.8
2018-01-07 21:00:00,21:00,50.4,51.8,31.14,66.6,64.2,47.88,31.7,154.38,40.3,24.1,35.9,20.8,2.86,107.8,76.0
2018-01-07 22:00:00,22:00,37.9,32.5,28.32,50.1,55.0,32.64,21.5,66.977,39.8,24.3,39.5,21.0,1.89,76.0,64.2
2018-01-07 23:00:00,23:00,30.5,16.1,38.6,52.9,39.8,19.56,21.2,46.706,31.2,21.8,45.0,21.0,1.12,64.2,55.0
2018-01-08 00:00:00,00:00,31.3,18.6,33.41,57.4,26.5,16.08,13.5,40.21,38.0,21.0,47.5,21.1,1.85,55.0,39.8
2018-01-08 01:00:00,01:00,22.5,24.2,24.39,64.1,25.9,31.03,17.0,40.554,36.4,26.0,49.5,21.2,1.24,39.8,26.5
2018-01-08 02:00:00,02:00,30.3,18.8,20.8,43.5,45.4,32.57,12.3,37.973,23.5,21.6,57.3,21.3,0.72,26.5,25.9
2018-01-08 03:00:00,03:00,25.8,14.5,24.7,25.3,53.2,49.63,13.5,38.465,21.0,18.2,66.6,21.3,0.18,25.9,45.4
2018-01-08 04:00:00,04:00,30.4,18.0,36.79,36.5,78.7,84.37,22.8,49.111999999999995,29.2,21.4,66.0,21.3,0.41,45.4,53.2
2018-01-08 05:00:00,05:00,27.2,24.2,48.53,31.7,61.1,85.08,36.0,80.844,31.7,25.8,69.8,21.4,0.69,53.2,78.7
2018-01-08 06:00:00,06:00,35.2,42.3,47.72,48.0,96.9,87.76,42.2,95.69,49.7,37.3,74.8,21.7,0.79,78.7,61.1
2018-01-08 07:00:00,07:00,53.2,42.2,67.07,50.9,124.6,112.87,54.8,152.8,66.7,50.6,80.5,21.5,0.43,61.1,96.9
2018-01-08 08:00:00,08:00,98.1,76.4,81.32,87.6,147.5,149.16,48.0,200.48,71.8,64.9,69.8,21.5,0.91,96.9,124.6
2018-01-08 09:00:00,09:00,78.5,87.0,86.78,70.8,176.0,112.8,66.3,162.52,51.4,82.3,54.5,20.9,0.89,124.6,147.5
2018-01-08 10:00:00,10:00,68.3,68.0,72.22,70.5,151.2,173.09,56.6,136.08,37.5,85.8,42.4,20.3,0.4,147.5,176.0
2018-01-10 11:00:00,11:00,95.7,95.7,111.96,110.3,68.5,146.58,88.3,140.28,77.8,14.0,36.1,20.8,0.85,304.9,124.2
2018-01-10 12:00:00,12:00,90.2,74.1,87.7,97.6,86.6,132.51,67.2,98.836,100.8,31.9,34.6,21.1,1.32,124.2,68.5
2018-01-10 13:00:00,13:00,73.1,52.9,56.42,107.4,61.8,86.4,63.0,94.522,76.8,26.4,28.1,21.4,2.69,68.5,86.6
2018-01-10 14:00:00,14:00,60.8,48.1,49.22,67.4,70.7,49.84,55.6,92.197,48.1,47.0,25.0,21.3,3.94,86.6,61.8
2018-01-10 15:00:00,15:00,66.7,42.0,52.37,49.2,75.5,42.61,47.7,80.15899999999999,46.5,50.3,26.2,21.3,3.91,61.8,70.7
2018-01-10 16:00:00,16:00,68.7,36.0,50.92,55.1,91.6,49.49,46.4,90.19200000000001,57.6,51.3,26.9,21.2,4.0,70.7,75.5
2018-01-10 17:00:00,17:00,50.2,38.8,50.67,47.7,81.8,43.96,44.5,80.902,57.2,47.6,27.6,21.3,3.74,75.5,91.6
2018-01-10 18:00:00,18:00,43.1,54.6,52.13,53.5,116.5,43.7,52.6,91.49799999999999,52.4,49.7,32.5,21.2,2.96,91.6,81.8
2018-01-10 19:00:00,19:00,45.1,57.9,47.57,58.8,66.4,47.37,46.8,101.77,47.2,53.3,36.0,20.6,3.24,81.8,116.5
2018-01-10 20:00:00,20:00,42.0,32.9,38.88,54.4,68.0,44.19,37.0,78.995,39.5,42.4,40.1,20.7,2.94,116.5,66.4
2018-01-10 21:00:00,21:00,41.4,16.8,34.5,42.4,58.4,40.38,26.2,100.57,33.1,43.8,47.2,20.9,2.88,66.4,68.0
2018-01-10 22:00:00,22:00,51.8,19.8,30.82,47.3,45.3,29.9,16.3,70.376,25.8,32.8,53.4,20.9,2.48,68.0,58.4
2018-01-10 23:00:00,23:00,38.6,23.0,31.1,37.1,110.9,28.31,16.8,65.223,29.4,28.7,58.1,21.1,2.33,58.4,45.3
2018-01-11 00:00:00,00:00,36.3,19.3,22.91,28.2,41.5,31.64,20.9,48.711999999999996,32.0,35.2,62.3,21.0,2.18,45.3,110.9
2018-01-11 01:00:00,01:00,34.6,20.8,23.69,41.1,35.3,27.47,16.1,33.691,45.8,35.2,61.8,21.2,2.41,110.9,41.5
2018-01-11 02:00:00,02:00,30.4,16.4,23.47,33.0,30.8,18.26,16.9,34.376,39.6,23.7,64.3,21.2,1.2,41.5,35.3
2018-01-11 03:00:00,03:00,27.6,18.5,21.05,30.7,25.3,31.39,14.5,32.897,29.6,29.1,65.0,21.2,0.78,35.3,30.8
2018-01-11 04:00:00,04:00,31.9,19.0,21.47,34.5,40.3,33.52,16.8,41.298,31.7,30.1,71.5,21.3,0.28,30.8,25.3
2018-01-11 05:00:00,05:00,30.2,24.4,24.77,42.2,55.7,48.78,12.1,49.878,32.3,21.5,77.7,21.5,0.43,25.3,40.3
2018-01-11 06:00:00,06:00,50.1,34.2,51.18,76.9,69.5,125.53,32.2,102.38,43.8,22.3,81.6,21.6,1.02,40.3,55.7
2018-01-11 07:00:00,07:00,50.6,37.5,68.9,102.0,147.3,147.5,53.8,89.4,67.2,48.7,85.0,21.5,0.54,55.7,69.5
2018-01-11 08:00:00,08:00,73.2,60.4,93.99,111.3,218.6,154.82,74.6,161.14,89.1,59.1,79.6,21.5,0.07,69.5,147.3
2018-01-11 09:00:00,09:00,77.0,79.0,101.06,67.3,169.2,136.22,70.8,171.61,73.6,57.8,58.3,20.9,0.45,147.3,218.6
2018-01-12 13:00:00,13:00,54.2,44.1,43.58,66.5,62.9,64.65,34.2,137.41,44.3,50.3,20.0,20.8,2.2,81.3,74.3
2018-01-12 14:00:00,14:00,60.2,9.1,43.32,42.8,64.7,62.21,34.4,115.49,47.1,37.2,16.4,20.8,1.7,74.3,62.9
2018-01-12 15:00:00,15:00,67.2,14.0,45.68,43.9,70.4,58.22,30.2,112.18,39.7,38.1,15.4,20.9,1.54,62.9,64.7
2018-01-12 16:00:00,16:00,67.9,19.5,42.88,37.0,59.7,55.6,29.9,80.366,40.6,48.1,11.7,21.0,1.26,64.7,70.4
2018-01-12 17:00:00,17:00,71.4,31.7,44.12,47.3,60.6,59.17,57.4,73.782,43.5,52.3,11.4,21.0,1.08,70.4,59.7
2018-01-12 18:00:00,18:00,69.9,65.2,53.1,59.1,179.0,80.2,84.6,92.469,53.6,55.7,15.1,21.1,1.02,59.7,60.6
2018-01-12 19:00:00,19:00,118.5,100.7,87.12,114.8,347.1,123.32,57.1,150.86,72.3,73.8,21.1,20.6,1.14,60.6,179.0
2018-01-12 23:00:00,23:00,90.7,34.0,205.87,106.3,447.0,387.91,73.4,433.88,155.8,57.7,46.1,21.1,0.02,412.8,446.7
2018-01-13 00:00:00,00:00,91.5,64.7,216.71,112.6,486.5,333.88,110.5,388.76,181.1,78.0,53.7,21.2,0.39,446.7,447.0
2018-01-13 02:00:00,02:00,64.8,59.6,218.13,121.8,432.0,134.28,73.0,265.37,187.4,60.8,62.3,21.5,0.34,486.5,464.7
2018-01-13 03:00:00,03:00,61.4,54.1,196.64,111.8,336.3,340.88,76.6,277.2,169.3,66.0,57.0,21.4,0.87,464.7,432.0
2018-01-13 04:00:00,04:00,57.1,56.1,127.14,104.1,364.1,310.17,60.9,243.08,156.8,66.4,65.7,21.8,0.5,432.0,336.3
2018-01-13 05:00:00,05:00,51.8,65.5,86.47,77.5,305.7,265.65,47.3,194.91,121.2,78.1,65.9,21.5,0.22,336.3,364.1
2018-01-13 06:00:00,06:00,52.6,75.0,94.34,87.2,344.5,230.37,42.4,206.0,94.7,76.6,70.7,21.8,0.37,364.1,305.7
2018-01-13 13:00:00,13:00,73.8,45.0,53.01,45.9,75.7,102.55,43.8,137.66,52.1,63.2,13.8,20.8,1.03,155.3,83.0
2018-01-13 14:00:00,14:00,39.6,33.2,50.45,52.4,41.1,63.36,25.5,147.85,49.7,38.5,12.0,21.2,1.58,83.0,75.7
2018-01-13 15:00:00,15:00,35.7,32.8,41.46,16.5,44.3,46.15,37.5,106.72,42.5,33.9,11.4,21.8,1.57,75.7,41.1
2018-01-13 16:00:00,16:00,35.3,32.4,37.66,24.8,64.3,37.32,33.9,85.025,37.1,41.3,10.8,21.8,1.43,41.1,44.3
2018-01-13 17:00:00,17:00,42.3,36.3,38.53,35.9,104.2,37.38,29.5,95.07700000000001,34.0,40.1,11.5,21.2,2.01,44.3,64.3
2018-01-13 18:00:00,18:00,52.4,60.7,46.71,64.1,132.0,65.58,37.5,119.86,59.2,43.7,17.3,21.0,2.6,64.3,104.2
2018-01-13 19:00:00,19:00,83.7,85.1,84.28,81.2,164.6,139.06,64.7,198.36,108.5,78.3,23.1,20.6,1.02,104.2,132.0
2018-01-13 20:00:00,20:00,105.1,110.2,116.21,80.0,234.8,184.39,83.0,309.96,122.6,126.9,25.7,20.8,0.31,132.0,164.6
2018-01-13 21:00:00,21:00,98.8,110.7,161.24,103.4,333.5,175.07,118.3,267.96,135.0,144.6,32.1,20.9,0.36,164.6,234.8
2018-01-13 22:00:00,22:00,101.1,118.8,162.81,160.7,334.9,185.58,101.0,290.89,151.3,139.6,36.4,21.0,1.61,234.8,333.5
2018-01-13 23:00:00,23:00,110.1,94.2,126.45,119.2,251.6,172.24,59.3,325.37,130.6,103.5,43.0,21.1,0.99,333.5,334.9
2018-01-14 00:00:00,00:00,119.6,78.5,83.09,84.4,157.4,133.45,65.4,298.04,115.4,92.3,37.8,21.2,2.12,334.9,251.6
2018-01-14 01:00:00,01:00,125.9,72.7,73.67,69.5,61.3,119.7,75.6,322.09,82.0,89.7,35.1,21.2,2.52,251.6,157.4
2018-01-14 02:00:00,02:00,102.8,64.8,70.55,64.1,56.6,74.65,64.1,224.54,70.2,83.1,40.5,21.3,2.72,157.4,61.3
2018-01-14 03:00:00,03:00,87.5,56.8,68.79,55.6,55.0,65.65,53.5,111.59,60.9,65.3,45.3,21.5,2.28,61.3,56.6
2018-01-14 04:00:00,04:00,77.6,52.6,64.42,57.4,52.7,70.79,47.7,88.463,60.0,63.0,49.0,21.3,2.0,56.6,55.0
2018-01-14 05:00:00,05:00,69.1,50.4,58.63,52.7,46.3,74.97,49.4,90.412,51.2,60.7,49.1,21.9,2.31,55.0,52.7
2018-01-14 06:00:00,06:00,62.9,55.6,52.74,46.9,40.1,58.25,50.9,96.568,44.3,54.6,50.9,21.6,2.73,52.7,46.3
2018-01-14 07:00:00,07:00,60.2,45.4,47.71,39.6,42.6,59.72,44.7,115.77,44.4,49.6,53.7,21.8,2.74,46.3,40.1
2018-01-14 08:00:00,08:00,57.5,44.3,47.86,43.7,59.3,66.52,47.0,109.37,38.3,44.4,52.6,22.0,2.53,40.1,42.6
2018-01-14 09:00:00,09:00,51.6,25.2,52.77,43.4,59.1,58.29,40.1,119.98,32.5,44.8,44.9,21.0,2.82,42.6,59.3
2018-01-14 10:00:00,10:00,44.3,29.6,45.96,33.8,42.9,52.34,31.6,98.477,35.3,41.4,35.9,20.4,1.99,59.3,59.1
2018-01-14 11:00:00,11:00,40.7,28.7,38.04,24.6,33.0,40.88,33.9,74.7,27.4,36.5,30.0,20.0,1.62,59.1,42.9
2018-01-14 12:00:00,12:00,39.5,17.8,31.3,15.6,36.7,36.33,27.9,66.73100000000001,28.8,32.3,26.9,20.4,1.87,42.9,33.0
2018-01-14 13:00:00,13:00,41.5,18.3,31.45,26.2,52.0,33.84,27.6,82.589,31.3,27.2,22.9,20.8,1.98,33.0,36.7
2018-01-14 14:00:00,14:00,46.7,20.8,37.34,28.6,52.9,44.03,29.2,64.288,31.8,37.8,19.2,20.8,1.25,36.7,52.0
2018-01-14 15:00:00,15:00,53.5,23.5,40.49,31.7,58.5,48.47,29.2,64.718,31.6,32.9,16.4,20.8,1.06,52.0,52.9
2018-01-14 16:00:00,16:00,51.2,22.7,36.03,36.2,47.0,44.54,26.4,70.311,33.9,35.0,13.6,21.0,0.92,52.9,58.5
2018-01-14 17:00:00,17:00,43.1,26.2,35.18,45.4,59.5,42.38,29.7,74.377,35.0,25.2,13.4,21.1,0.92,58.5,47.0
2018-01-14 18:00:00,18:00,42.8,45.4,37.14,42.9,199.2,52.62,31.3,62.608000000000004,41.9,31.5,16.7,21.0,1.52,47.0,59.5
2018-01-14 19:00:00,19:00,71.1,79.6,54.23,88.0,153.5,91.43,44.1,110.74,86.1,47.5,32.3,20.6,1.94,59.5,199.2
2018-01-14 20:00:00,20:00,73.4,79.9,100.21,62.7,110.5,149.75,97.7,113.81,105.8,92.5,37.9,21.0,0.46,199.2,153.5
2018-01-14 21:00:00,21:00,84.1,86.8,123.89,53.9,162.9,112.67,102.9,217.47,120.2,110.1,45.1,21.0,0.35,153.5,110.5
2018-01-14 22:00:00,22:00,111.7,79.0,119.03,103.4,104.0,69.21,100.3,275.53,116.3,81.2,47.5,21.2,0.52,110.5,162.9
2018-01-14 23:00:00,23:00,84.8,70.3,100.85,93.9,160.4,87.05,101.9,263.93,108.7,75.7,57.1,21.3,0.22,162.9,104.0
2018-01-15 00:00:00,00:00,69.0,72.5,98.93,70.5,146.4,122.89,101.1,199.06,102.2,79.8,56.2,21.4,0.56,104.0,160.4
2018-01-15 01:00:00,01:00,49.3,65.3,117.49,55.4,235.6,155.86,90.6,229.38,105.3,82.5,63.1,21.7,0.69,160.4,146.4
2018-01-15 02:00:00,02:00,42.9,56.3,110.1,53.9,231.0,178.46,54.8,225.53,102.9,80.8,66.4,21.4,0.25,146.4,235.6
2018-01-15 03:00:00,03:00,38.6,52.1,118.02,31.9,200.2,167.2,44.2,194.14,61.8,76.3,65.1,21.9,0.63,235.6,231.0
2018-01-15 04:00:00,04:00,37.9,49.7,102.04,42.4,149.8,89.22,36.3,183.83,38.7,76.2,65.5,21.5,0.67,231.0,200.2
2018-01-15 05:00:00,05:00,43.8,51.3,93.76,33.6,210.7,56.45,37.2,191.34,38.3,60.2,70.0,21.9,0.56,200.2,149.8
2018-01-15 06:00:00,06:00,62.7,60.8,79.19,36.9,184.9,107.96,44.5,192.24,36.3,68.8,72.5,22.0,0.38,149.8,210.7
2018-01-15 07:00:00,07:00,81.0,51.6,61.9,44.0,270.8,138.64,53.8,211.87,46.0,72.5,73.2,22.0,0.57,210.7,184.9
2018-01-15 08:00:00,08:00,108.7,61.1,66.21,47.5,340.7,126.54,52.9,206.04,64.8,64.3,61.7,21.9,0.73,184.9,270.8
2018-01-15 13:00:00,13:00,68.5,24.7,40.4,43.2,66.0,89.65,46.0,69.977,49.3,40.6,19.0,20.7,1.36,62.3,57.1
2018-01-15 14:00:00,14:00,68.7,20.6,41.74,47.2,59.7,71.21,31.6,83.28200000000001,51.7,45.2,15.7,20.8,1.62,57.1,66.0
2018-01-15 15:00:00,15:00,57.0,24.8,35.35,41.0,66.1,58.53,26.2,90.738,34.1,35.5,13.2,20.9,1.77,66.0,59.7
2018-01-15 16:00:00,16:00,45.7,22.4,33.27,41.0,53.4,59.31,32.7,101.34,43.9,21.9,10.6,20.9,1.4,59.7,66.1
2018-01-15 17:00:00,17:00,43.0,27.1,46.33,62.6,59.6,72.53,29.5,110.32,56.6,32.7,10.6,21.1,0.43,66.1,53.4
2018-01-15 18:00:00,18:00,39.4,53.3,40.34,95.9,180.1,79.46,34.4,95.258,50.1,33.3,12.0,21.1,1.25,53.4,59.6
2018-01-15 19:00:00,19:00,79.7,84.8,56.97,164.5,246.4,105.56,42.3,182.16,89.1,56.6,21.0,20.7,1.89,59.6,180.1
2018-01-15 20:00:00,20:00,89.9,94.9,101.27,192.2,258.0,193.04,77.7,191.74,151.0,53.1,27.2,20.8,0.65,180.1,246.4
2018-01-15 21:00:00,21:00,92.0,70.4,161.7,132.3,181.6,241.14,128.1,295.3,159.0,60.5,29.2,21.2,0.21,246.4,258.0
2018-01-15 22:00:00,22:00,97.7,65.1,192.04,117.6,346.4,213.34,90.0,354.48,135.9,84.7,41.9,21.1,0.31,258.0,181.6
2018-01-15 23:00:00,23:00,71.9,58.3,181.6,139.2,359.2,161.67,72.0,393.3,137.1,47.7,49.9,21.3,0.22,181.6,346.4
2018-01-16 00:00:00,00:00,81.2,74.4,170.19,93.1,240.7,226.36,73.9,328.91,97.6,61.5,43.5,21.5,0.66,346.4,359.2
2018-01-16 01:00:00,01:00,85.8,93.9,144.28,64.2,272.0,363.94,108.9,279.07,79.5,72.7,50.9,21.5,0.43,359.2,240.7
2018-01-16 05:00:00,05:00,68.1,63.9,147.48,61.8,250.1,253.8,41.2,229.36,73.1,69.7,64.0,21.7,0.08,186.2,218.1
2018-01-16 07:00:00,07:00,104.4,89.9,188.68,55.3,95.4,146.48,59.0,301.81,109.4,135.9,47.1,22.0,0.24,250.1,196.3
2018-01-16 08:00:00,08:00,100.9,118.6,149.79,93.4,185.1,212.38,88.8,310.05,132.6,97.5,47.0,21.9,0.43,196.3,95.4
2018-01-16 10:00:00,10:00,80.5,70.5,84.52,86.7,103.6,171.6,64.1,232.68,104.9,104.8,32.1,20.2,1.71,185.1,175.6
2018-01-16 11:00:00,11:00,90.9,55.9,72.15,68.2,62.2,110.33,60.6,161.75,81.6,113.9,27.3,20.5,1.12,175.6,103.6
2018-01-16 12:00:00,12:00,90.1,47.2,66.11,81.7,44.4,101.48,58.9,108.84,78.9,120.9,23.6,20.4,1.39,103.6,62.2
2018-01-16 13:00:00,13:00,86.8,42.2,59.75,60.9,53.9,81.66,45.5,82.48299999999999,66.0,100.8,19.1,20.2,1.62,62.2,44.4
2018-01-16 14:00:00,14:00,70.0,28.3,48.02,51.0,45.5,60.48,38.4,96.48899999999999,59.8,54.8,12.7,20.2,1.56,44.4,53.9
2018-01-16 15:00:00,15:00,51.6,37.6,58.14,63.2,52.5,49.17,42.8,77.47399999999999,59.8,44.5,10.7,20.2,1.33,53.9,45.5
2018-01-16 16:00:00,16:00,54.1,42.2,57.6,54.9,39.8,51.58,51.6,72.931,55.7,54.2,9.3,20.4,1.53,45.5,52.5
2018-01-16 17:00:00,17:00,56.8,40.1,55.87,38.6,35.8,42.31,43.0,71.774,47.7,54.9,9.5,20.6,0.82,52.5,39.8
2018-01-16 18:00:00,18:00,64.5,66.2,60.99,65.9,73.4,53.93,51.2,96.751,52.5,70.7,11.7,20.2,0.49,39.8,35.8
2018-01-16 19:00:00,19:00,88.1,102.1,75.26,109.1,283.2,104.78,68.1,166.71,72.0,80.9,19.4,20.3,0.88,35.8,73.4
2018-01-16 20:00:00,20:00,103.4,107.2,84.45,141.2,338.0,137.14,75.5,184.83,103.8,66.8,25.0,20.4,1.19,73.4,283.2
2018-01-17 00:00:00,00:00,60.2,67.6,119.58,83.4,131.6,109.64,77.1,288.58,68.4,57.7,37.8,20.9,1.87,208.2,99.1
2018-01-17 02:00:00,02:00,77.6,88.6,98.18,50.5,126.9,155.23,48.7,95.316,67.0,88.4,44.9,21.2,0.64,131.6,145.5
2018-01-17 03:00:00,03:00,59.9,80.2,66.56,50.2,140.6,103.37,33.9,108.39,52.6,80.5,46.6,21.3,1.54,145.5,126.9
2018-01-17 04:00:00,04:00,53.3,74.9,57.33,45.9,97.7,69.39,34.5,110.78,45.9,64.7,47.9,21.0,0.37,126.9,140.6
2018-01-17 05:00:00,05:00,55.8,73.1,52.93,36.6,91.4,51.51,36.9,119.7,45.3,55.9,52.9,21.5,0.84,140.6,97.7
2018-01-17 06:00:00,06:00,58.9,72.4,57.28,47.0,72.5,62.08,45.7,219.84,51.5,57.9,50.0,21.3,1.09,97.7,91.4
2018-01-17 07:00:00,07:00,89.1,53.1,60.19,46.0,72.7,98.95,60.4,250.47,57.8,66.3,56.7,21.4,0.87,91.4,72.5
2018-01-17 08:00:00,08:00,125.9,49.1,61.73,43.2,141.3,108.32,65.4,256.5,59.5,58.5,57.8,21.6,1.51,72.5,72.7
2018-01-17 09:00:00,09:00,114.5,50.8,61.87,56.9,86.5,104.25,49.7,247.05,54.0,57.2,44.4,20.6,2.68,72.7,141.3
2018-01-18 08:00:00,08:00,88.3,111.7,68.14,75.8,254.6,110.66,58.5,181.53,69.1,100.0,73.1,21.1,0.55,137.7,175.6
2018-01-18 09:00:00,09:00,97.6,88.9,70.08,65.5,104.6,114.35,53.9,198.14,61.8,79.5,53.2,20.7,2.11,175.6,254.6
2018-01-18 10:00:00,10:00,102.1,62.1,59.89,64.9,61.8,100.52,50.7,188.06,55.0,71.1,43.1,19.9,1.77,254.6,104.6
2018-01-18 11:00:00,11:00,84.3,45.6,55.33,76.5,65.9,64.05,56.6,130.5,54.5,64.0,39.8,19.5,1.47,104.6,61.8
2018-01-18 12:00:00,12:00,68.0,37.9,48.63,53.3,62.6,69.39,52.2,111.53,43.9,60.7,35.7,19.9,1.53,61.8,65.9
2018-01-18 13:00:00,13:00,66.8,35.0,46.01,47.2,54.4,55.77,42.3,94.65899999999999,37.0,66.8,32.4,20.4,1.23,65.9,62.6
2018-01-18 14:00:00,14:00,57.6,39.6,47.23,55.1,53.6,56.42,44.9,98.995,38.2,56.8,28.9,20.5,2.35,62.6,54.4
2018-01-18 15:00:00,15:00,55.3,38.5,48.43,61.3,47.5,54.62,55.9,60.426,43.5,42.4,26.5,20.6,2.42,54.4,53.6
2018-01-18 16:00:00,16:00,42.6,34.3,44.01,43.4,53.9,48.2,41.7,50.376999999999995,36.7,32.4,25.3,20.7,3.2,53.6,47.5
2018-01-18 17:00:00,17:00,35.4,16.9,33.03,44.5,61.5,28.89,27.4,64.285,39.8,22.5,26.0,20.7,2.67,47.5,53.9
2018-01-18 18:00:00,18:00,43.3,46.0,34.36,56.7,117.8,34.42,28.1,42.405,41.0,38.5,29.9,20.3,2.64,53.9,61.5
2018-01-18 19:00:00,19:00,57.7,66.9,46.51,75.5,133.9,56.13,49.4,62.928999999999995,52.1,50.6,34.5,20.1,1.69,61.5,117.8
2018-01-18 20:00:00,20:00,37.4,46.8,48.49,60.2,130.4,50.06,35.6,141.19,44.5,36.9,38.2,20.3,2.83,117.8,133.9
2018-01-18 21:00:00,21:00,28.6,36.7,35.31,70.7,63.6,41.8,33.3,70.119,33.2,36.0,46.9,20.4,3.68,133.9,130.4
2018-01-18 22:00:00,22:00,25.5,14.7,36.97,49.6,69.5,33.52,33.2,58.953,27.9,29.8,50.5,20.5,2.09,130.4,63.6
2018-01-18 23:00:00,23:00,24.8,11.4,35.68,44.1,52.2,29.08,30.5,54.507,39.1,25.8,56.4,20.6,1.38,63.6,69.5
2018-01-19 00:00:00,00:00,17.4,24.4,25.76,45.3,51.4,23.85,15.4,80.47,38.3,14.7,60.0,20.9,0.92,69.5,52.2
2018-01-19 02:00:00,02:00,14.5,24.2,32.92,32.9,57.6,42.84,19.9,49.746,28.7,22.3,68.5,20.9,1.11,51.4,41.7
2018-01-19 03:00:00,03:00,14.3,21.2,25.15,31.3,66.9,37.3,21.5,58.86600000000001,30.5,18.8,74.4,21.0,0.65,41.7,57.6
2018-01-19 04:00:00,04:00,16.1,20.5,26.96,24.3,62.6,41.34,26.4,45.645,26.2,19.9,77.5,21.2,0.54,57.6,66.9
2018-01-19 05:00:00,05:00,21.5,23.9,50.24,34.6,81.6,83.06,28.4,61.185,55.7,20.1,80.7,21.0,0.59,66.9,62.6
2018-01-19 06:00:00,06:00,27.8,34.6,77.06,61.3,109.9,91.62,32.7,77.53399999999999,74.2,25.3,83.4,21.4,0.25,62.6,81.6
2018-01-19 07:00:00,07:00,42.8,36.3,95.67,48.8,261.6,96.2,50.2,96.22,80.1,38.7,84.7,21.2,0.89,81.6,109.9
2018-01-19 08:00:00,08:00,70.7,63.9,134.27,66.0,235.8,190.18,58.2,114.15,88.5,52.6,83.0,21.2,0.14,109.9,261.6
2018-01-19 10:00:00,10:00,91.6,82.7,86.91,45.4,69.7,149.29,63.3,147.35,69.3,98.4,52.2,19.8,1.33,235.8,202.0
2018-01-19 11:00:00,11:00,60.4,45.2,59.12,33.2,23.1,87.7,70.0,99.0,39.2,73.2,44.3,19.7,1.05,202.0,69.7
2018-01-19 12:00:00,12:00,42.2,38.2,32.3,14.1,26.9,36.77,58.9,68.08,35.6,35.0,37.3,20.3,1.71,69.7,23.1
2018-01-19 13:00:00,13:00,31.4,38.3,29.18,23.9,30.4,21.99,31.8,53.861999999999995,38.6,36.2,31.5,20.7,1.58,23.1,26.9
2018-01-19 14:00:00,14:00,28.0,30.5,28.72,35.0,39.5,20.2,41.8,60.39,39.0,37.9,27.3,20.7,2.54,26.9,30.4
2018-01-19 15:00:00,15:00,26.3,20.7,23.96,30.5,30.8,17.98,21.2,61.979,43.2,16.6,21.8,20.7,3.11,30.4,39.5
2018-01-19 16:00:00,16:00,23.2,16.5,21.67,25.8,40.0,16.04,29.3,46.79600000000001,37.0,15.0,19.7,20.7,3.33,39.5,30.8
2018-01-19 17:00:00,17:00,24.2,23.4,19.55,28.4,47.2,21.19,56.5,46.556000000000004,29.8,20.7,22.5,20.7,2.43,30.8,40.0
2018-01-19 18:00:00,18:00,27.1,40.3,28.75,41.8,96.1,26.49,33.9,46.281000000000006,32.3,30.2,28.9,20.4,1.76,40.0,47.2
2018-01-19 19:00:00,19:00,63.5,61.9,46.04,67.0,228.2,47.36,26.0,78.953,45.4,40.4,31.6,20.1,1.61,47.2,96.1
2018-01-19 20:00:00,20:00,56.0,69.4,58.69,113.5,275.8,57.33,54.3,140.87,60.5,47.1,35.1,20.4,2.52,96.1,228.2
2018-01-19 21:00:00,21:00,34.0,38.2,43.2,90.6,64.6,49.54,33.7,112.25,28.9,31.6,43.1,20.4,3.23,228.2,275.8
2018-01-19 22:00:00,22:00,26.5,17.0,17.41,52.0,53.4,34.37,21.2,100.95,21.8,29.1,47.1,20.5,2.36,275.8,64.6
2018-01-19 23:00:00,23:00,23.4,10.2,11.38,37.1,37.8,25.87,19.8,64.22399999999999,28.3,18.6,49.2,20.5,1.87,64.6,53.4
2018-01-20 00:00:00,00:00,17.5,19.8,19.03,40.3,45.2,12.52,13.8,47.903999999999996,35.5,20.1,53.2,20.9,1.62,53.4,37.8
2018-01-20 01:00:00,01:00,17.3,27.1,28.09,39.0,45.2,19.61,19.6,46.309,40.1,30.7,58.0,20.7,1.25,37.8,45.2
2018-01-20 02:00:00,02:00,18.9,23.2,28.44,39.1,37.5,20.7,17.9,51.972,37.9,18.9,63.3,20.9,0.68,45.2,45.2
2018-01-20 03:00:00,03:00,17.0,18.3,26.85,37.4,66.0,22.83,16.7,52.305,39.4,25.5,68.6,21.1,1.33,45.2,37.5
2018-01-20 04:00:00,04:00,23.3,21.6,30.94,34.6,68.8,33.98,15.5,48.05,45.1,21.7,70.4,21.1,0.7,37.5,66.0
2018-01-20 05:00:00,05:00,23.4,22.5,25.6,27.5,64.9,72.17,14.3,74.262,35.7,20.5,78.2,21.0,0.28,66.0,68.8
2018-01-20 06:00:00,06:00,30.6,23.0,40.36,19.4,127.9,100.26,33.2,78.72,42.3,29.6,81.0,21.4,0.31,68.8,64.9
2018-01-20 07:00:00,07:00,50.4,26.2,57.58,40.3,209.6,145.85,50.9,135.09,62.6,43.1,82.5,21.2,0.59,64.9,127.9
2018-01-20 08:00:00,08:00,46.8,38.3,85.53,74.2,282.2,205.04,55.2,117.26,63.0,45.3,77.4,21.3,0.16,127.9,209.6
2018-01-20 09:00:00,09:00,46.9,48.6,64.01,74.1,234.3,183.9,45.3,165.48,64.5,65.2,66.6,20.7,0.47,209.6,282.2
2018-01-20 10:00:00,10:00,73.1,46.3,44.47,49.7,99.7,122.36,48.2,128.5,68.0,91.1,55.4,19.9,0.95,282.2,234.3
2018-01-20 11:00:00,11:00,89.9,47.4,45.58,42.6,80.7,65.51,42.2,97.755,71.0,78.5,43.1,19.9,1.25,234.3,99.7
2018-01-20 12:00:00,12:00,52.9,52.2,52.51,42.3,37.5,42.48,45.5,60.298,64.9,57.8,28.3,20.5,1.44,99.7,80.7
2018-01-20 13:00:00,13:00,37.7,54.0,36.61,31.9,40.0,22.65,39.5,56.498999999999995,51.0,46.7,21.8,20.7,1.61,80.7,37.5
2018-01-20 14:00:00,14:00,30.5,35.7,29.59,37.2,33.5,17.06,35.7,55.928999999999995,34.2,25.3,14.5,20.6,2.39,37.5,40.0
2018-01-20 15:00:00,15:00,22.1,14.2,15.77,26.0,36.3,15.75,32.0,49.48,17.6,16.7,11.6,20.6,2.86,40.0,33.5
2018-01-20 16:00:00,16:00,18.7,18.4,18.87,27.4,55.3,23.97,24.4,52.016000000000005,18.2,12.5,11.6,20.7,3.42,33.5,36.3
2018-01-20 17:00:00,17:00,19.1,25.4,16.46,23.8,48.2,20.01,27.0,47.471000000000004,20.4,20.3,13.4,21.0,2.61,36.3,55.3
2018-01-20 18:00:00,18:00,19.9,18.7,20.54,38.6,66.4,19.6,23.1,52.038999999999994,36.8,21.8,17.9,20.4,2.48,55.3,48.2
2018-01-20 19:00:00,19:00,49.9,60.2,44.83,47.1,142.6,31.33,40.7,115.64,67.6,27.6,21.6,20.5,1.73,48.2,66.4
2018-01-20 20:00:00,20:00,59.1,82.6,48.14,61.5,171.5,56.11,49.2,168.25,88.1,20.6,24.0,20.7,2.01,66.4,142.6
2018-01-20 21:00:00,21:00,37.1,48.4,27.06,66.8,191.0,34.9,30.9,161.49,65.9,14.2,26.9,20.7,1.54,142.6,171.5
2018-01-20 22:00:00,22:00,31.6,33.0,28.54,57.9,135.9,33.38,19.4,104.16,49.4,19.6,27.8,21.0,1.19,171.5,191.0
2018-01-20 23:00:00,23:00,23.8,40.3,50.94,51.9,117.2,88.1,32.2,124.46,44.1,17.1,32.7,21.1,0.37,191.0,135.9
2018-01-21 00:00:00,00:00,37.6,41.6,56.98,51.5,118.3,120.53,59.5,155.72,67.6,26.6,36.0,21.2,0.35,135.9,117.2
2018-01-21 01:00:00,01:00,45.9,38.9,75.92,47.1,72.1,177.93,57.1,179.0,68.7,33.9,35.5,21.2,0.77,117.2,118.3
2018-01-21 02:00:00,02:00,40.8,32.0,76.8,36.4,188.3,171.79,73.7,164.92,52.9,26.9,52.5,21.2,0.51,118.3,72.1
2018-01-21 03:00:00,03:00,43.6,35.4,87.76,40.8,124.4,115.15,66.3,194.64,56.2,30.3,46.3,21.5,0.57,72.1,188.3
2018-01-21 04:00:00,04:00,39.6,34.8,99.55,58.6,189.8,100.98,59.2,157.81,63.3,27.5,58.2,21.5,0.25,188.3,124.4
2018-01-21 05:00:00,05:00,36.7,32.0,99.35,59.7,149.9,156.02,56.9,158.82,63.0,22.3,56.5,21.8,0.61,124.4,189.8
2018-01-21 06:00:00,06:00,29.1,31.2,90.11,61.1,268.4,108.79,51.0,193.99,66.5,20.2,64.1,21.5,0.38,189.8,149.9
2018-01-21 07:00:00,07:00,25.2,31.8,81.94,67.3,293.3,122.33,49.8,197.37,82.1,52.4,64.2,21.8,0.39,149.9,268.4
2018-01-21 08:00:00,08:00,25.9,30.7,88.09,71.0,176.4,211.5,52.8,220.28,112.8,59.4,59.2,21.8,0.33,268.4,293.3
2018-01-21 09:00:00,09:00,37.3,38.9,114.41,98.0,133.1,184.83,52.3,191.9,90.6,73.1,42.6,20.8,0.41,293.3,176.4
2018-01-21 10:00:00,10:00,40.5,55.5,87.7,96.0,205.4,142.65,46.8,152.75,63.4,95.1,31.7,20.0,0.74,176.4,133.1
2018-01-21 11:00:00,11:00,49.0,58.8,49.94,70.3,71.0,82.97,42.6,95.412,56.9,98.5,26.4,20.0,1.09,133.1,205.4
2018-01-21 12:00:00,12:00,58.8,45.7,37.79,73.8,29.6,70.7,29.9,58.986999999999995,58.1,91.9,19.7,20.5,1.14,205.4,71.0
2018-01-21 13:00:00,13:00,35.2,44.9,54.08,55.4,18.0,46.23,32.2,47.178999999999995,49.9,72.1,12.9,20.5,2.81,71.0,29.6
2018-01-21 14:00:00,14:00,23.6,15.0,44.13,37.8,38.1,32.33,31.8,59.863,32.1,18.6,9.0,20.5,3.96,29.6,18.0
2018-01-21 15:00:00,15:00,15.9,11.2,20.36,29.1,33.0,27.68,24.7,59.477,24.4,6.8,8.9,20.6,3.71,18.0,38.1
2018-01-21 16:00:00,16:00,21.1,10.7,15.13,29.1,33.0,18.09,17.2,55.696999999999996,18.8,13.5,10.0,20.8,3.15,38.1,33.0
2018-01-21 17:00:00,17:00,18.7,16.9,15.52,28.5,26.0,21.02,15.7,47.815,14.0,16.1,12.4,20.9,3.1,33.0,33.0
2018-01-21 18:00:00,18:00,18.2,34.6,19.22,34.4,49.3,22.78,16.3,38.111999999999995,27.5,19.0,15.2,20.9,2.86,33.0,26.0
2018-01-21 19:00:00,19:00,29.9,39.2,24.97,57.0,73.3,26.77,25.2,67.02199999999999,35.0,19.2,17.6,20.4,2.81,26.0,49.3
2018-01-21 20:00:00,20:00,47.3,43.7,23.32,52.7,54.1,33.88,36.9,109.63,31.9,24.5,16.9,20.7,3.5,49.3,73.3
2018-01-21 21:00:00,21:00,34.6,44.9,19.4,46.9,105.0,26.95,33.2,94.936,23.1,20.7,18.9,20.7,2.2,73.3,54.1
2018-01-21 22:00:00,22:00,31.4,42.1,19.12,47.8,119.8,31.02,23.9,92.13600000000001,27.9,14.5,22.7,20.8,1.77,54.1,105.0
2018-01-21 23:00:00,23:00,21.4,34.2,28.54,55.8,134.5,75.14,17.2,139.12,60.1,26.8,28.2,20.8,0.79,105.0,119.8
2018-01-22 00:00:00,00:00,22.6,37.4,45.95,56.3,101.9,108.6,16.1,174.52,89.9,31.8,32.3,21.1,1.11,119.8,134.5
2018-01-22 02:00:00,02:00,20.6,20.9,71.01,34.4,138.5,115.46,48.4,83.634,68.4,33.7,45.3,21.4,0.63,101.9,105.0
2018-01-22 03:00:00,03:00,18.4,25.6,68.74,37.6,127.2,124.78,49.2,96.304,64.4,28.2,51.9,21.6,0.25,105.0,138.5
2018-01-22 04:00:00,04:00,19.5,18.9,71.0,36.2,138.3,126.11,46.1,85.546,60.1,32.2,47.7,21.3,0.94,138.5,127.2
2018-01-22 05:00:00,05:00,33.5,25.4,60.39,50.5,149.4,107.16,32.1,95.67399999999999,53.2,26.2,44.8,21.5,1.34,127.2,138.3
2018-01-22 06:00:00,06:00,45.3,33.5,73.61,48.3,227.8,77.15,38.2,165.96,55.2,39.9,53.7,21.6,0.96,138.3,149.4
2018-01-22 07:00:00,07:00,51.7,41.2,83.58,58.7,172.7,186.53,54.4,208.3,87.6,67.4,50.0,21.7,0.41,149.4,227.8
2018-01-22 08:00:00,08:00,84.7,78.1,88.4,85.7,215.2,257.83,69.3,272.92,110.3,98.6,51.1,21.5,0.4,227.8,172.7
2018-01-22 09:00:00,09:00,116.1,77.4,79.74,159.4,195.7,182.86,60.1,277.06,57.0,92.4,34.5,20.8,0.68,172.7,215.2
2018-01-23 10:00:00,10:00,124.2,89.8,119.29,86.3,105.2,173.38,72.6,194.41,107.5,121.3,27.2,20.2,0.76,310.3,285.0
2018-01-23 11:00:00,11:00,93.1,52.2,81.74,76.5,72.4,122.94,48.4,164.42,90.3,120.1,24.1,20.6,0.8,285.0,105.2
2018-01-23 12:00:00,12:00,88.2,32.6,73.11,72.7,85.2,82.8,44.2,131.8,90.5,98.9,24.4,20.7,1.38,105.2,72.4
2018-01-23 13:00:00,13:00,63.4,53.2,63.45,62.1,61.2,78.16,52.2,105.42,76.5,63.3,24.0,21.0,1.71,72.4,85.2
2018-01-23 14:00:00,14:00,45.3,54.2,50.99,57.0,49.2,81.31,47.2,77.835,43.7,61.7,25.1,21.1,2.55,85.2,61.2
2018-01-23 15:00:00,15:00,35.7,27.0,50.62,63.4,62.4,63.08,44.9,57.72,42.8,40.2,25.2,21.1,3.38,61.2,49.2
2018-01-23 16:00:00,16:00,41.9,28.0,40.73,66.8,137.2,38.89,45.8,67.141,35.0,35.1,25.4,21.0,3.55,49.2,62.4
2018-01-23 17:00:00,17:00,37.7,37.4,39.55,68.6,110.8,61.53,45.7,75.76,29.8,33.9,30.0,21.0,3.73,62.4,137.2
2018-01-23 18:00:00,18:00,33.2,38.2,40.57,52.1,78.3,42.47,41.4,61.086000000000006,42.7,30.8,28.6,20.9,3.65,137.2,110.8
2018-01-23 19:00:00,19:00,44.7,48.2,41.14,59.1,64.5,36.45,43.4,54.467,50.2,24.3,22.7,20.4,3.63,110.8,78.3
2018-01-23 20:00:00,20:00,35.3,36.4,31.9,38.1,62.6,35.44,28.8,79.209,38.6,31.4,23.9,20.4,1.42,78.3,64.5
2018-01-23 21:00:00,21:00,29.7,31.0,25.86,33.5,109.9,31.83,28.5,97.698,29.7,27.2,25.4,20.7,1.36,64.5,62.6
2018-01-23 22:00:00,22:00,28.1,23.4,19.91,31.6,107.6,37.58,33.2,92.008,25.9,26.0,26.8,20.6,1.63,62.6,109.9
2018-01-23 23:00:00,23:00,23.3,15.1,16.75,31.6,83.7,46.62,36.7,68.561,30.3,18.5,29.6,20.7,1.08,109.9,107.6
2018-01-24 00:00:00,00:00,18.8,21.5,10.69,41.7,88.6,45.57,19.5,71.51,28.7,23.1,31.2,20.8,0.77,107.6,83.7
2018-01-24 01:00:00,01:00,18.4,21.4,19.65,31.9,105.7,67.16,16.3,124.23,20.9,15.0,33.5,20.8,1.04,83.7,88.6
2018-01-24 02:00:00,02:00,19.2,19.3,19.09,19.2,63.6,126.19,14.5,99.975,25.3,15.8,35.5,20.9,0.72,88.6,105.7
2018-01-24 03:00:00,03:00,22.7,18.7,22.11,42.9,94.4,72.14,18.8,89.60600000000001,25.3,14.9,42.5,21.0,1.59,105.7,63.6
2018-01-24 04:00:00,04:00,20.3,23.7,22.91,48.5,84.6,41.56,22.3,59.034,34.5,20.9,48.5,21.2,0.62,63.6,94.4
2018-01-24 05:00:00,05:00,27.8,14.2,21.6,42.3,104.4,36.52,19.8,80.002,23.6,27.8,56.8,21.2,0.17,94.4,84.6
2018-01-24 06:00:00,06:00,27.7,19.6,29.89,38.2,173.9,37.0,18.4,117.76,17.9,27.1,54.8,21.1,0.64,84.6,104.4
2018-01-24 07:00:00,07:00,52.0,16.9,36.85,33.9,185.9,57.97,34.9,190.54,36.3,38.6,62.2,21.1,0.71,104.4,173.9
2018-01-24 08:00:00,08:00,56.7,33.6,44.98,36.5,58.5,75.74,55.2,166.33,34.6,48.5,63.7,21.1,2.02,173.9,185.9
2018-01-24 09:00:00,09:00,54.8,29.7,41.77,44.8,72.6,68.38,50.7,154.7,34.8,42.3,53.0,20.7,2.25,185.9,58.5
2018-01-24 10:00:00,10:00,68.8,38.7,40.9,73.1,53.4,58.8,41.5,161.8,46.4,40.6,47.5,20.3,1.57,58.5,72.6
2018-01-24 11:00:00,11:00,54.4,40.3,35.68,48.4,39.7,52.73,32.9,93.255,39.3,48.2,38.6,20.5,2.43,72.6,53.4
2018-01-24 12:00:00,12:00,50.1,27.6,35.62,36.1,43.8,45.97,26.0,106.34,27.2,46.8,36.3,20.9,1.81,53.4,39.7
2018-01-24 13:00:00,13:00,44.5,24.2,32.66,31.1,44.5,44.47,24.0,85.39399999999999,30.2,39.0,32.1,21.1,1.37,39.7,43.8
2018-01-24 15:00:00,15:00,49.4,16.3,29.55,34.3,42.0,42.34,36.4,82.32,42.2,34.6,26.2,21.5,1.47,44.5,33.6
2018-01-24 16:00:00,16:00,38.8,30.9,36.44,39.5,44.5,46.19,40.4,71.072,43.1,47.9,26.1,21.3,1.72,33.6,42.0
2018-01-24 17:00:00,17:00,54.0,52.9,37.52,48.5,68.4,54.37,42.0,91.51100000000001,45.8,45.8,27.3,21.1,2.07,42.0,44.5
2018-01-24 18:00:00,18:00,54.1,60.7,48.12,58.5,101.7,57.54,53.6,75.457,57.4,60.7,30.6,20.9,2.09,44.5,68.4
2018-01-24 22:00:00,22:00,15.9,9.0,19.82,80.9,32.0,15.5,22.2,55.879,13.3,16.0,69.6,20.8,3.4,147.2,51.4
2018-01-24 23:00:00,23:00,11.2,8.0,11.93,13.4,14.5,28.82,8.1,46.081,36.6,23.3,72.8,20.8,2.07,51.4,32.0
2018-01-25 01:00:00,01:00,13.4,12.9,15.87,24.7,6.8,19.43,0.2,37.931999999999995,12.5,14.6,75.7,20.8,2.06,14.5,16.8
2018-01-25 03:00:00,03:00,14.5,12.7,12.62,13.5,8.0,16.61,1.9,29.558000000000003,21.9,16.7,77.6,20.8,1.6,6.8,5.5
2018-01-25 04:00:00,04:00,19.1,16.3,9.98,15.4,10.5,17.88,7.1,33.188,19.8,11.9,79.7,21.0,1.08,5.5,8.0
2018-01-25 05:00:00,05:00,20.3,18.6,8.51,18.6,17.5,18.41,9.4,35.774,16.4,10.0,80.2,21.1,1.35,8.0,10.5
2018-01-25 06:00:00,06:00,19.6,17.4,11.55,22.4,15.7,21.01,16.9,41.475,20.7,12.3,79.6,21.1,1.69,10.5,17.5
2018-01-25 07:00:00,07:00,23.6,12.8,22.2,30.5,22.4,32.28,21.5,43.388000000000005,27.1,18.5,77.4,21.0,2.39,17.5,15.7
2018-01-25 08:00:00,08:00,33.6,11.7,25.58,33.6,32.4,29.34,18.0,64.215,22.6,34.6,77.8,21.0,2.81,15.7,22.4
2018-01-25 09:00:00,09:00,31.0,9.4,21.43,33.2,30.2,37.36,16.3,69.245,21.4,25.7,73.8,21.0,2.89,22.4,32.4
2018-01-25 10:00:00,10:00,44.2,20.2,24.06,25.2,41.7,28.35,17.6,92.538,22.6,23.6,68.0,20.7,2.7,32.4,30.2
