,model_number,epochs,hidden_neurons,hidden_layers,activation,regularization,random_state_trainsplit,acc_train,mse_train,mae_train,rmse_train,ia_train,acc_test,mse_test,mae_test,rmse_test,ia_test
model1,model1209,200,100,3,relu,0.05,0,0.8720357126067578,84.13767078139259,6.142833408625672,9.172658871962511,0.965,0.7702782799800847,154.23232848890623,8.025615331927682,12.419030899748428,0.934
model2,model1209,200,100,3,relu,0.05,2,0.8608201262861888,89.54381165418755,6.302811260847061,9.462759198784864,0.962,0.7787189891666119,161.08846045932455,8.000406673229774,12.692062892190716,0.937
model3,model1209,200,100,3,relu,0.05,4,0.8768334878105168,81.29021631988635,6.125698110496946,9.016108712736685,0.966,0.7514542059731786,164.4269074868369,7.964256617101924,12.822905578956624,0.928
model4,model1209,200,100,3,relu,0.05,6,0.8677000456059568,87.73872471819196,6.265877825632413,9.366895148243731,0.963,0.7780860552422286,143.98701142460078,7.70717517077977,11.999458797154178,0.936
model5,model1209,200,100,3,relu,0.05,8,0.8700761631812185,85.9083423551067,6.280807564459492,9.268675329037407,0.964,0.7753258891754121,147.52607638407403,7.87804672359445,12.146031301790476,0.937
model6,model1209,200,100,3,relu,0.05,10,0.8485599159098267,99.29042694949814,6.632476930823319,9.964458186449384,0.959,0.7715321487169466,155.105492861501,7.991040593986619,12.45413557263213,0.934
model7,model1209,200,100,3,relu,0.05,12,0.8662200982014596,89.61334227715537,6.351737944383695,9.46643239436882,0.964,0.7763181398943312,139.10289310808753,7.76398964138643,11.794188955078154,0.937
model8,model1209,200,100,3,relu,0.05,14,0.8714006304397207,85.66543891290237,6.2057550313167065,9.25556259299792,0.964,0.7491879002773989,159.75474442622254,8.03580842663214,12.639412344971682,0.927
model9,model1209,200,100,3,relu,0.05,16,0.8681227670580742,87.1790336165088,6.443601218785384,9.336971329960738,0.964,0.7552449870775373,160.8791739055343,7.870293055131638,12.683815431704069,0.931
model10,model1209,200,100,3,relu,0.05,18,0.8564818903397503,93.94081181341726,6.408389752634796,9.692306836528507,0.959,0.7767842031280892,152.47140790194825,7.872864565344814,12.347931320749572,0.935
model11,model1209,200,100,3,relu,0.05,20,0.8744487307957058,83.66709420598492,6.18726224618302,9.146971859909973,0.965,0.7781095739121551,141.0239329971354,7.810819066272521,11.875349805253546,0.936
model12,model1209,200,100,3,relu,0.05,22,0.8724948371771644,83.82574835000413,6.239856085073741,9.155640247956674,0.965,0.7688290115588732,155.30258874341075,8.015777467956674,12.462045929277052,0.935
model13,model1209,200,100,3,relu,0.05,24,0.8452694584072861,103.18032045311814,6.7229851548871205,10.157771431427179,0.956,0.7650911282184608,148.96553036850813,7.829061233703928,12.205143602944954,0.931
model14,model1209,200,100,3,relu,0.05,26,0.8506671668742714,97.93350611076964,6.582490694724424,9.896135918163697,0.958,0.7806252396294004,148.80970847087798,7.9142213822156595,12.198758480717535,0.937
model15,model1209,200,100,3,relu,0.05,28,0.8772669807133675,79.21842350549164,5.9409539653122465,8.900473218064962,0.966,0.7592935920144936,173.21128419098943,8.263323022181543,13.160975806944919,0.929
model16,model1209,200,100,3,relu,0.05,30,0.8552168360439004,93.81147308315263,6.453470004213337,9.685632301669965,0.96,0.7596764525240443,170.525571814875,8.139379662486167,13.058544015887644,0.931
model17,model1209,200,100,3,relu,0.05,32,0.8397730677324249,103.89912356451626,6.744226489110551,10.193091953108059,0.953,0.7821537658628411,154.13833366881352,7.965496553259099,12.415246017248853,0.934
model18,model1209,200,100,3,relu,0.05,34,0.8612074051809764,91.77710643485192,6.441872942684856,9.580036870224035,0.963,0.7549761946772677,160.8450512198952,8.267556737720174,12.682470233353406,0.933
model19,model1209,200,100,3,relu,0.05,36,0.8817537240999458,79.5826774596204,6.050764085426465,8.9209123669959,0.968,0.7445387816068936,155.6087935307416,8.013817124709153,12.474325373772386,0.928
model20,model1209,200,100,3,relu,0.05,38,0.8749653341912689,83.01144297091358,6.201921738637619,9.111061572117356,0.966,0.7512813088325486,160.59925235203124,7.8277328695814905,12.67277603179474,0.926
model21,model1209,200,100,3,relu,0.05,40,0.860214796587958,91.93691081168022,6.454204800127442,9.588373731331098,0.962,0.7688915730213631,154.9602772906143,7.933753658170117,12.448304193367637,0.936
model22,model1209,200,100,3,relu,0.05,42,0.8654926588083037,89.72596287965054,6.328073434862783,9.472378945104051,0.962,0.7610755792673607,151.30623963295156,7.990678389222812,12.300660129966666,0.929
model23,model1209,200,100,3,relu,0.05,44,0.8649895050330116,88.1550775385771,6.310297793904711,9.389093541901534,0.964,0.7553736238491995,168.7323525218303,7.956802390902112,12.98970178725556,0.929
model24,model1209,200,100,3,relu,0.05,46,0.8676141066359349,88.29006587213445,6.390060824256439,9.3962793632445,0.965,0.7374132418086433,166.39143001009754,8.26716518087531,12.899280212868373,0.93
model25,model1209,200,100,3,relu,0.05,48,0.8732021197568026,83.64450490037304,6.235243599208209,9.14573697961914,0.966,0.7489464079803775,166.41921301644504,8.206299772982034,12.900357088718321,0.927
model26,model1209,200,100,3,relu,0.05,50,0.8721054583683521,83.82241268412717,6.268179958890125,9.155458081610508,0.965,0.7689908626956309,157.0624689933059,8.017306434457637,12.532456622438632,0.934
model27,model1209,200,100,3,relu,0.05,52,0.8636503223257559,90.38925462109773,6.43128166518636,9.507326365550819,0.963,0.7752714179632945,146.0328649653433,7.816468916376207,12.084405859012817,0.935
model28,model1209,200,100,3,relu,0.05,54,0.8636384387960592,89.69200350564746,6.423731458806713,9.47058622819345,0.963,0.7776081575602175,149.12481338431442,7.974745614950362,12.21166710094549,0.94
model29,model1209,200,100,3,relu,0.05,56,0.857127284323089,94.25333790836324,6.6636203526806055,9.708415828978652,0.962,0.7690331429296663,153.07567509708937,8.074334681805123,12.372375483191956,0.936
model30,model1209,200,100,3,relu,0.05,58,0.8505533037999362,98.31909109046511,6.553493615788893,9.915598372789466,0.958,0.7835532835697177,145.01843766904793,7.8941610344802875,12.042360136993409,0.936
model31,model1209,200,100,3,relu,0.05,60,0.8483669236575343,99.7403680848106,6.675405513034703,9.987009967192913,0.957,0.774242868025276,151.34914417109445,7.843578679473633,12.30240399966992,0.934
model32,model1209,200,100,3,relu,0.05,62,0.8655408005623185,87.19194192865552,6.296085486222726,9.337662551659035,0.963,0.7360622606103653,186.7074329307024,8.249643646380052,13.664092832336232,0.922
model33,model1209,200,100,3,relu,0.05,64,0.8575097118623283,94.483893928317,6.548130799484932,9.720282605373004,0.961,0.7533215580618806,160.1120313290826,8.026541795528189,12.653538292868229,0.932
model34,model1209,200,100,3,relu,0.05,66,0.8564395805985384,93.51183541525452,6.61355914230745,9.670151778294615,0.961,0.7675144285547522,161.82319766386104,7.908944674186589,12.720974713592549,0.934
model35,model1209,200,100,3,relu,0.05,68,0.8708624860120179,84.51645931278692,6.213701074643194,9.193283380424369,0.964,0.763248429296862,161.86380732247565,8.115663863284613,12.722570782765395,0.929
model36,model1209,200,100,3,relu,0.05,70,0.8564853174643425,94.34107470507585,6.5215411586719005,9.712933372832115,0.959,0.7582171761593343,162.5063400352805,7.981080896024856,12.747797458199612,0.93
model37,model1209,200,100,3,relu,0.05,72,0.8656702736845657,88.7923840876653,6.339047828420414,9.422971086003889,0.963,0.7665985843737925,153.4733831882603,8.093363159158883,12.388437479692922,0.934
model38,model1209,200,100,3,relu,0.05,74,0.8594713252305928,93.82478188455734,6.444982915688887,9.686319315640866,0.961,0.7639448977089842,148.93546586361896,7.83206418670019,12.203911908221025,0.933
model39,model1209,200,100,3,relu,0.05,76,0.8562553374321221,94.38966858841852,6.481155473942269,9.715434554790564,0.959,0.7698912244219098,155.3078751351288,7.92388226285065,12.462258027144552,0.931
model40,model1209,200,100,3,relu,0.05,78,0.8741837911231916,83.03978061518346,6.304722857874275,9.112616562501874,0.966,0.7802929383605057,145.33986225369975,7.858516202937731,12.055698331233232,0.938
model41,model1209,200,100,3,relu,0.05,80,0.8710287833450377,84.4017941484951,6.237971376401752,9.187044908374787,0.965,0.748221450874504,172.17869569512723,8.10881891478289,13.12168798955101,0.929
model42,model1209,200,100,3,relu,0.05,82,0.8783865316518835,79.211967267106,6.022597327387441,8.900110519937716,0.967,0.7836649199901649,150.61059015069668,7.997377389668769,12.272350636723866,0.939
model43,model1209,200,100,3,relu,0.05,84,0.8675274733909972,87.97869504400425,6.318272175770806,9.379695892938335,0.962,0.7683826418998823,149.3704207737976,7.845686947459027,12.221719223325236,0.931
model44,model1209,200,100,3,relu,0.05,86,0.8641109837854881,90.14431495371105,6.409033681458487,9.494435999769077,0.963,0.7790528605719119,143.19534155311095,7.829269905741747,11.966425596355453,0.939
model45,model1209,200,100,3,relu,0.05,88,0.8483910258673613,98.64961134163386,6.548538481926628,9.932251071214111,0.955,0.7860917893664114,149.48475446095347,7.73072975379869,12.226395808289272,0.935
model46,model1209,200,100,3,relu,0.05,90,0.8677454407277543,86.42409221180431,6.277942389165423,9.296455895221808,0.962,0.7526334014990818,170.11219060870525,8.045012442032828,13.042706414264842,0.926
model47,model1209,200,100,3,relu,0.05,92,0.8661656790206297,88.29758485783154,6.448261498996075,9.396679459140422,0.964,0.7561891998278165,161.53730915513057,8.248480194750146,12.709732851446192,0.931
model48,model1209,200,100,3,relu,0.05,94,0.8504783106474249,99.0329715081035,6.571912142516711,9.9515311137585,0.957,0.7354036760793103,172.57966484622457,7.921455797981813,13.136957975354285,0.92
model49,model1209,200,100,3,relu,0.05,96,0.8745392879337086,82.14489413958755,6.0957072477886385,9.063382047535432,0.965,0.7894502737233821,143.71072768055012,7.85132156466727,11.987940927471662,0.938
model50,model1209,200,100,3,relu,0.05,98,0.8785622841863369,79.87305015653037,6.1645257876741235,8.937172380374587,0.967,0.7215366394092757,186.74689534652944,8.316669453758042,13.665536774914091,0.916
model51,model1254,200,100,10,relu,1.0,0,0.835568019309193,108.11550737417733,6.704386876819426,10.397860711424121,0.948,0.7248256866300659,184.74863886489092,8.629369400426098,13.592227148811594,0.909
model52,model1254,200,100,10,relu,1.0,2,0.8738531173511966,81.15880837695026,5.813446764541941,9.00881836740814,0.964,0.7499569304730369,182.02670426587187,8.249751430933442,13.491727252871364,0.925
model53,model1254,200,100,10,relu,1.0,4,0.8911692958330601,71.82854597981793,5.636494668916405,8.475172327440777,0.97,0.7464695324685153,167.72454707238114,8.139869316117023,12.950851210340621,0.926
model54,model1254,200,100,10,relu,1.0,6,0.8664549162531685,88.56446998789522,6.239255517338642,9.410869778500562,0.962,0.7763343706966064,145.12357732611775,7.762747174022717,12.046724755140616,0.935
model55,model1254,200,100,10,relu,1.0,8,0.8856461754547508,75.61312649927027,5.700690465055174,8.69558086037214,0.968,0.7740158327149596,148.38628893256418,8.025288496445665,12.181391091848425,0.935
model56,model1254,200,100,10,relu,1.0,10,0.8725466927712733,83.56369693594881,5.928031679195919,9.141318118080608,0.965,0.7695867280031975,156.4262276473121,8.056038432793061,12.5070471194168,0.934
model57,model1254,200,100,10,relu,1.0,12,0.8683658873548674,88.17597137708917,6.128674694097905,9.390206141352232,0.962,0.7525157243589627,153.9050986260786,8.06220927067181,12.405849371408577,0.925
model58,model1254,200,100,10,relu,1.0,14,0.8881244311222555,74.52501318095739,5.689661903691119,8.632787103882348,0.968,0.7433832867643109,163.45199248284337,8.154129843751727,12.784834472250447,0.921
model59,model1254,200,100,10,relu,1.0,16,0.8947810779214558,69.55623605643632,5.496590867873209,8.340038132792698,0.972,0.7377056436316757,172.4079064561912,8.228291213647731,13.13041912720958,0.926
model60,model1254,200,100,10,relu,1.0,18,0.85775877825063,93.10501563949374,6.455345221361051,9.649094032057816,0.965,0.7447812881848648,174.33155206172637,8.733041886482383,13.203467425707778,0.934
model61,model1254,200,100,10,relu,1.0,20,0.8802332987256307,79.81227065062585,5.973596773348608,8.933771356522723,0.968,0.7765019789257667,142.04565066041673,7.835340230061431,11.918290593051369,0.939
model62,model1254,200,100,10,relu,1.0,22,0.8905333785977216,71.96666593918627,5.700000024583802,8.48331691846923,0.97,0.755040947350986,164.56552471857347,8.24890285706481,12.828309503538394,0.931
model63,model1254,200,100,10,relu,1.0,24,0.8858603957771,76.11271064448638,5.671700691921832,8.724259890929796,0.969,0.7555853077512639,154.9935682912338,8.175646506565915,12.449641291669161,0.931
model64,model1254,200,100,10,relu,1.0,26,0.8728977728408243,83.3545207684202,5.991821330079121,9.129869701612407,0.964,0.7648789190175636,159.4909982226158,8.06088513463611,12.628974551507172,0.93
model65,model1254,200,100,10,relu,1.0,28,0.8823773742311054,75.919903512087,5.693861658584983,8.71320282743877,0.968,0.7630650679303296,170.49734652665987,8.200098820878603,13.05746325005971,0.93
model66,model1254,200,100,10,relu,1.0,30,0.8519618259564306,95.92053937831011,6.784808034683192,9.793903173827589,0.963,0.7719630659514047,161.80740082258558,8.458456986393848,12.720353800998838,0.939
model67,model1254,200,100,10,relu,1.0,32,0.8883039734047542,72.4292670691883,5.6825475317977086,8.510538588666895,0.972,0.7573903606300525,171.65982094017207,8.450419474683052,13.101901424609027,0.934
model68,model1254,200,100,10,relu,1.0,34,0.8600445703246902,92.54603519874381,6.519648117527379,9.620084989164274,0.962,0.7724978533516224,149.34301743496556,8.172253128085043,12.220598080084525,0.937
model69,model1254,200,100,10,relu,1.0,36,0.8794598890504619,81.12648535969284,5.9303005407204905,9.00702422333219,0.967,0.7550128700971073,149.2287242444974,8.028153843994987,12.21592093313056,0.93
model70,model1254,200,100,10,relu,1.0,38,0.8655493930939042,89.26275617566156,6.201703564390607,9.44789691813271,0.962,0.7599143829093804,155.02482111113414,7.885169470887079,12.450896397895782,0.928
model71,model1254,200,100,10,relu,1.0,40,0.8694651424927602,85.8529462312508,6.196993756360912,9.265686495411487,0.967,0.7567953008275077,163.0709365073631,8.384786465960707,12.769923120652022,0.937
model72,model1254,200,100,10,relu,1.0,42,0.8906827490804796,72.92238112216776,5.613270492904051,8.53946023599664,0.97,0.7638715114297601,149.53562957783765,8.0674873400688,12.228476175625385,0.931
model73,model1254,200,100,10,relu,1.0,44,0.8753742280374952,81.37437458729362,5.815419943838267,9.020774611267793,0.965,0.7698655340718004,158.73647986545242,7.950578588378925,12.599066626756619,0.933
model74,model1254,200,100,10,relu,1.0,46,0.8815451997334575,78.99921851675475,5.80929350460585,8.888150455339668,0.967,0.7482291183941476,159.53781262180823,7.991419550884076,12.63082786763434,0.928
model75,model1254,200,100,10,relu,1.0,48,0.8613950828488226,91.43322940124183,6.263572212580935,9.562072442794074,0.959,0.7362907050962277,174.80846607276274,8.281490343224675,13.22151527143401,0.916
model76,model1254,200,100,10,relu,1.0,50,0.8704686217262962,84.89519964404346,6.228213552958942,9.213859107021523,0.968,0.7298937868214572,183.64446197796264,8.67611888598581,13.551548324009424,0.93
model77,model1254,200,100,10,relu,1.0,52,0.8872492133398437,74.74502131572737,5.8210161472785495,8.645520303355221,0.97,0.7403067153284345,168.75358723464467,8.222071981426586,12.990519128758661,0.927
model78,model1254,200,100,10,relu,1.0,54,0.8754290738148423,81.93669718543836,5.9971041180931355,9.051889150085653,0.968,0.7480692201075698,168.93214303665886,8.437423823869265,12.997389854761565,0.933
model79,model1254,200,100,10,relu,1.0,56,0.8504915121507914,98.63096644209138,6.360045187717079,9.931312422942467,0.954,0.7355161746480086,175.28939273606693,8.22816478739043,13.23969005438069,0.914
model80,model1254,200,100,10,relu,1.0,58,0.8638461117708724,89.57392086607322,6.223352803367618,9.464349997018983,0.961,0.7722476073685532,152.5931956812033,7.9611611438842065,12.352861841743527,0.931
model81,model1254,200,100,10,relu,1.0,60,0.8531124292636356,96.61889559794977,6.341030548752087,9.829491115919978,0.956,0.7295385658289031,181.3192178471922,8.426850426369983,13.465482458760704,0.915
model82,model1254,200,100,10,relu,1.0,62,0.8795538725252491,78.10497010416388,5.809072535378583,8.837701630184393,0.966,0.7538207954429927,174.14518829347134,8.171109865150806,13.196408158793488,0.927
model83,model1254,200,100,10,relu,1.0,64,0.8806568397093739,79.13526350002857,5.906097375416904,8.895800329370516,0.969,0.7380497204782128,170.02455111977545,8.37515829873202,13.039346268880793,0.931
model84,model1254,200,100,10,relu,1.0,66,0.8516588866784907,96.62586548625934,6.410256090296944,9.829845649157434,0.955,0.7552007876943498,170.39419295843985,8.141488129623237,13.05351266741791,0.921
model85,model1254,200,100,10,relu,1.0,68,0.8083637837588727,125.419902959468,7.732108310900617,11.199102774752449,0.957,0.7172174836757748,193.33453459475837,9.43613672265138,13.9044789400667,0.93
model86,model1254,200,100,10,relu,1.0,70,0.8726510734744719,83.71432371019608,6.080277478182624,9.149553197298548,0.966,0.7521684570403495,166.57178682886826,8.247911950061807,12.906269283912692,0.933
model87,model1254,200,100,10,relu,1.0,72,0.8806185293964306,78.91153865594173,5.926524929258058,8.883216684058862,0.968,0.7591506055012229,158.3708107056604,8.254322543397857,12.584546503774398,0.934
model88,model1254,200,100,10,relu,1.0,74,0.8761450459526874,82.69247587995312,5.950071773659645,9.09354033806158,0.968,0.7541556846135187,155.1118246826458,8.08551155826955,12.45438977560305,0.932
model89,model1254,200,100,10,relu,1.0,76,0.8628042811811368,90.08931670730576,6.165310958609008,9.491539216971384,0.959,0.749994262148638,168.73698023788913,8.123623182348416,12.989879916222826,0.92
model90,model1254,200,100,10,relu,1.0,78,0.8786608620241031,80.0848752915432,5.849783124677215,8.949015325249096,0.966,0.7561543265541603,161.30795398798531,8.025352828357462,12.700706830251036,0.927
model91,model1254,200,100,10,relu,1.0,80,0.8556175064091995,94.4872958382554,6.565101362666242,9.720457594077319,0.964,0.7205251059552762,191.11883400428118,8.648403082103343,13.824573555964799,0.928
model92,model1254,200,100,10,relu,1.0,82,0.87589514981502,80.83470905049623,5.899923711953464,8.99081247999847,0.966,0.7777091669186982,154.75693333666834,7.949668505183568,12.44013397583275,0.938
model93,model1254,200,100,10,relu,1.0,84,0.8819044953854481,78.43051425460895,5.883358148578513,8.856100397726358,0.97,0.7421005763758304,166.31976869112958,8.326843371653077,12.896502188234203,0.931
model94,model1254,200,100,10,relu,1.0,86,0.8771167434563647,81.51672069595988,5.933089992328887,9.028661068838495,0.967,0.7639840363578847,152.96141245910567,8.080279203294255,12.36775696960066,0.935
model95,model1254,200,100,10,relu,1.0,88,0.8751806902241857,81.21799166415059,5.860449359705517,9.012102510743572,0.964,0.7552905487272794,171.00948172782915,8.16373372479461,13.07705936852124,0.925
model96,model1254,200,100,10,relu,1.0,90,0.8773167597941623,80.16954366439973,6.057527016387715,8.953744672727703,0.967,0.7798157411013851,151.41909556822668,7.845355910923758,12.305246668321065,0.935
model97,model1254,200,100,10,relu,1.0,92,0.874849686654339,82.56828541257411,6.035609266738786,9.08670927303026,0.967,0.7315860879970613,177.8381476708002,8.556249772769975,13.335597012162605,0.925
model98,model1254,200,100,10,relu,1.0,94,0.8785842808910724,80.41749329622077,5.856099952103458,8.967580124884348,0.966,0.7353946014796677,172.5855836410956,8.0720481548741,13.137183246080403,0.922
model99,model1254,200,100,10,relu,1.0,96,0.8715925579196877,84.07425370620466,6.186333395122057,9.169201366869672,0.969,0.7532654195418427,168.40870196626213,8.704880233461955,12.97723784039817,0.937
model100,model1254,200,100,10,relu,1.0,98,0.8751594272876857,82.11120621801716,6.172410134947647,9.061523393890077,0.969,0.6966239874402397,203.45415765995085,8.746876988118833,14.263735754000452,0.915
model101,model732,100,75,5,relu,0.1,0,0.8432598866019256,103.05803539387952,6.748551412955146,10.151750361089437,0.954,0.7929606656052056,139.0036546380296,7.637692028316795,11.789981112708773,0.938
model102,model732,100,75,5,relu,0.1,2,0.8281314814794594,110.57462434067696,6.952112714641848,10.515446939653918,0.954,0.7840577392929051,157.20194965849876,7.743445622673513,12.538020165022019,0.939
model103,model732,100,75,5,relu,0.1,4,0.8437122272836184,103.15033385635411,6.942141879426258,10.156295282058025,0.958,0.762097673620764,157.3856599087757,7.848074295877479,12.545344152663796,0.933
model104,model732,100,75,5,relu,0.1,6,0.8345915450676434,109.69563035635434,7.259150427980877,10.473568176908687,0.955,0.7952786981324156,132.83170853928388,7.731203160257344,11.525263924929611,0.944
model105,model732,100,75,5,relu,0.1,8,0.8132378066520184,123.49104550774541,7.50722567020481,11.11265249649,0.952,0.7800508589822296,144.42355489606328,7.998698988631734,12.01763516237963,0.942
model106,model732,100,75,5,relu,0.1,10,0.8283862560782478,112.51711861336909,7.126499515396051,10.607408666275147,0.951,0.7907187314411178,142.07983365803798,7.823972929330592,11.91972456301059,0.939
model107,model732,100,75,5,relu,0.1,12,0.8381294780335937,108.4300279379905,6.9497501365310725,10.412974019846132,0.954,0.7846316463689308,133.93290390134845,7.603709272253928,11.572938429860779,0.938
model108,model732,100,75,5,relu,0.1,14,0.8527401646575581,98.0959585726341,6.6550051791490565,9.904340390588063,0.958,0.7878612387697506,135.12176494162995,7.501989479413402,11.624188786389782,0.938
model109,model732,100,75,5,relu,0.1,16,0.8386501950896287,106.66223238466587,6.963534934548786,10.327740913901058,0.954,0.7887941029409845,138.8271064895247,7.476350523886431,11.782491522998212,0.938
model110,model732,100,75,5,relu,0.1,18,0.8384481530517646,105.74492437366294,6.864452447628925,10.283235112242787,0.953,0.7977449218247764,138.15382673113834,7.621000841779072,11.753885601414467,0.941
model111,model732,100,75,5,relu,0.1,20,0.8362847852777539,109.0994649431288,6.8700051246765375,10.445068929553734,0.952,0.8008035258341056,126.6006412323327,7.347313080449427,11.2516950381857,0.942
model112,model732,100,75,5,relu,0.1,22,0.8453717370032477,101.65729429932233,6.765643376854523,10.082524202764025,0.956,0.7755955304481955,150.75678519176577,7.703190501309637,12.27830546906884,0.935
model113,model732,100,75,5,relu,0.1,24,0.8321505648412992,111.92850699855072,6.972160316328155,10.579626978232772,0.951,0.7936454455913917,130.85804468901821,7.521932513717737,11.43932011480657,0.939
model114,model732,100,75,5,relu,0.1,26,0.8397969421812231,105.06227474201762,6.736805453731435,10.249989011799848,0.953,0.8023823049587154,134.0511166284633,7.612533867944698,11.578044594337305,0.942
model115,model732,100,75,5,relu,0.1,28,0.84714850807594,98.65848889782218,6.640017648673927,9.93269796670684,0.956,0.792358665722874,149.41780097286448,7.777907387245093,12.223657430281024,0.937
model116,model732,100,75,5,relu,0.1,30,0.8316351530632943,109.09109785265517,6.956625313870804,10.444668393618592,0.954,0.7943719232347286,145.90682327997482,7.713830680073964,12.079189678118926,0.942
model117,model732,100,75,5,relu,0.1,32,0.8311518586735829,109.48954492878669,6.906337307485337,10.463725193676805,0.949,0.7738034588566783,160.04664056542288,7.912216274439693,12.650954136563096,0.929
model118,model732,100,75,5,relu,0.1,34,0.843381682181631,103.56443038482445,6.807081613907765,10.176661062687725,0.956,0.7892566948199208,138.34173243408947,7.721240893734431,11.761876229330483,0.939
model119,model732,100,75,5,relu,0.1,36,0.8287733444379279,115.23978745515532,7.103612852339191,10.734979620621333,0.951,0.7760948922117679,136.38705674175108,7.611952708626938,11.678486920048808,0.936
model120,model732,100,75,5,relu,0.1,38,0.8440415546696555,103.54196979401377,6.851675508874235,10.175557468464014,0.956,0.7757661535232386,144.78923126828002,7.663197473608521,12.032839700930118,0.934
model121,model732,100,75,5,relu,0.1,40,0.8400532506776477,105.19718588326987,6.892135459897388,10.256567938802426,0.956,0.7847617868363841,144.31915629997076,7.730834191009752,12.013290818920966,0.941
model122,model732,100,75,5,relu,0.1,42,0.8159095789365065,122.80140355537678,7.587576418078489,11.081579470245963,0.952,0.7680583680878605,146.8841737958092,8.18714912912105,12.119578119547281,0.937
model123,model732,100,75,5,relu,0.1,44,0.8336292611414649,108.63174294569198,7.0195040424545265,10.422655273282906,0.953,0.7809996195788222,151.05668478227253,7.798418963469584,12.290511982105242,0.936
model124,model732,100,75,5,relu,0.1,46,0.8119251045647299,125.42986631672423,7.814139710183393,11.199547594288093,0.952,0.7412736059318756,163.94526131808675,8.507966609553323,12.804111110033634,0.933
model125,model732,100,75,5,relu,0.1,48,0.8396932472827808,105.74923600852308,7.042277524497093,10.283444753997713,0.957,0.7797611547229115,145.99263452800514,7.90862873193373,12.082741184350724,0.938
model126,model732,100,75,5,relu,0.1,50,0.8450473308999484,101.55637926456644,6.676700249190829,10.077518507279779,0.955,0.7999331273558885,136.0249094383296,7.608368826742889,11.662971724150307,0.941
model127,model732,100,75,5,relu,0.1,52,0.8320900084954082,111.3112933922383,6.98636535672132,10.550416740216393,0.952,0.7716347643353648,148.39603098259002,7.711571881735114,12.18179095956707,0.933
model128,model732,100,75,5,relu,0.1,54,0.8284806841355795,112.8170647503064,7.1663787545334765,10.621537777097364,0.954,0.7766866359330322,149.74273955991512,7.918726471597727,12.236941593384971,0.941
model129,model732,100,75,5,relu,0.1,56,0.8433624958256052,103.33398885941229,6.839416159068575,10.16533269792053,0.956,0.7795075582724864,146.13364791540914,7.719311249467205,12.088575098637934,0.935
model130,model732,100,75,5,relu,0.1,58,0.8388117778277178,106.04369250994515,6.859155457214004,10.29775181823417,0.956,0.793228225182933,138.53626533385494,7.663528093229833,11.77014296148755,0.941
model131,model732,100,75,5,relu,0.1,60,0.8326800811465446,110.05877277509646,6.883958267753961,10.490889989657525,0.951,0.7836569808246673,145.03785777737133,7.661163090270901,12.043166434844755,0.936
model132,model732,100,75,5,relu,0.1,62,0.857592745076811,92.34596928592305,6.533677990592177,9.609681018947665,0.96,0.7623213649027337,168.1319538619435,7.948150394124521,12.96657062842537,0.93
model133,model732,100,75,5,relu,0.1,64,0.8024591268745493,130.9873897150026,7.870486670273247,11.444972246143832,0.951,0.7397002511445616,168.9532381356179,8.622868835882281,12.998201342324942,0.936
model134,model732,100,75,5,relu,0.1,66,0.8334478991659813,108.48806869045048,7.0616386298467555,10.415760591068253,0.954,0.7884208205615854,147.27115821845103,7.710902633082756,12.135532877399783,0.94
model135,model732,100,75,5,relu,0.1,68,0.820700565042378,117.34586590238831,7.530529225401612,10.832629685463651,0.952,0.776735145229655,152.6431242973318,8.365858599760385,12.35488260961357,0.937
model136,model732,100,75,5,relu,0.1,70,0.8513420764349526,97.72204505324439,6.726801891107286,9.885446123126886,0.957,0.7856310747542262,144.0809934536308,7.673715820019516,12.003374252835359,0.938
model137,model732,100,75,5,relu,0.1,72,0.8380507106658326,107.04900468208282,6.915628933560029,10.346448892353493,0.954,0.7904646543448297,137.7802200082699,7.696017601154648,11.73798193933991,0.94
model138,model732,100,75,5,relu,0.1,74,0.8368555832687574,108.92431271133324,6.865049067021782,10.436681115725115,0.951,0.7791679605453018,139.3307001398814,7.616114680538653,11.803842600606016,0.933
model139,model732,100,75,5,relu,0.1,76,0.8339384485060424,109.04401270128258,7.0816414574382245,10.4424141222843,0.955,0.7866838644743054,143.97397777335019,7.727633717296298,11.998915691567726,0.942
model140,model732,100,75,5,relu,0.1,78,0.824295525766154,115.96646508218045,7.152480857321269,10.768772682259591,0.951,0.7902159917309058,138.77559800462194,7.685213529182507,11.780305514061252,0.94
model141,model732,100,75,5,relu,0.1,80,0.8380877112029811,105.95920565530214,6.908025762256924,10.29364880182446,0.956,0.7682620222000844,158.4739561777678,7.819254266866487,12.588643937206573,0.935
model142,model732,100,75,5,relu,0.1,82,0.8332577471481873,108.6062428310462,6.939316540461273,10.421431899266349,0.952,0.8030428736667203,137.11982832415333,7.695421366846751,11.70981760422225,0.942
model143,model732,100,75,5,relu,0.1,84,0.8431082908963137,104.1961543536212,6.842674439740962,10.207651755111025,0.954,0.7782568818036228,143.00250698123284,7.707090477210959,11.958365564793244,0.934
model144,model732,100,75,5,relu,0.1,86,0.8339884613031089,110.12660807418955,6.983298524586801,10.494122549036177,0.951,0.79029342444393,135.91035751996364,7.572593145732815,11.658059766529062,0.937
model145,model732,100,75,5,relu,0.1,88,0.8390563062052785,104.7235688492015,6.8459415458281665,10.233453417551745,0.955,0.7846704908965666,150.47799568414533,7.459712028844598,12.266947284640352,0.937
model146,model732,100,75,5,relu,0.1,90,0.83943400607666,104.92470234122851,6.92398064608436,10.243275957486867,0.955,0.7861527128462052,147.06120670259298,7.660886004790678,12.126879512166061,0.937
model147,model732,100,75,5,relu,0.1,92,0.8287633259681706,112.97389672137177,7.077590779063214,10.628917946873603,0.954,0.7569676612826316,161.02153803833426,8.150137148546275,12.689426229673833,0.931
model148,model732,100,75,5,relu,0.1,94,0.8265422095234614,114.88661274830486,7.283789510257871,10.71851728310893,0.953,0.759077060628318,157.13899389998667,8.028110538901165,12.535509319528531,0.933
model149,model732,100,75,5,relu,0.1,96,0.8347197665316255,108.21656483546903,6.976765978947058,10.402719107784707,0.952,0.80841200912957,130.76839409741717,7.576781555765911,11.435400915464975,0.944
model150,model732,100,75,5,relu,0.1,98,0.8375414188001434,106.85364359492459,6.991503986877717,10.337003608150894,0.955,0.7455441090151503,170.64667877041524,7.917917077498443,13.063180270149196,0.924
model151,model737,100,75,6,relu,0.75,0,0.8203592189602998,118.1154304996249,7.145076324963806,10.868092311883668,0.947,0.784429217215721,144.73156382475813,7.814921824007636,12.030443209822243,0.935
model152,model737,100,75,6,relu,0.75,2,0.829953585489734,109.4023417831725,7.164385869504994,10.459557437251947,0.955,0.779399146390689,160.59331864989306,8.002435373047268,12.67254191746443,0.939
model153,model737,100,75,6,relu,0.75,4,0.8407016127726642,105.13734721331878,7.0244475869174146,10.253650433544085,0.956,0.759416312325195,159.15952998133756,7.936987378647967,12.615844402232359,0.931
model154,model737,100,75,6,relu,0.75,6,0.8301996210461866,112.60826788874614,7.050275674698586,10.611704287660213,0.953,0.7763845246827946,145.09103533066022,7.678779998934285,12.0453740220327,0.938
model155,model737,100,75,6,relu,0.75,8,0.8271114630683113,114.31749541631429,7.264832835990972,10.691935999449038,0.953,0.7978656891755923,132.72593655352424,7.765901961793815,11.520674309845072,0.945
model156,model737,100,75,6,relu,0.75,10,0.8316282739317858,110.39151667125705,6.846994372655439,10.50673672798824,0.949,0.7823062296715912,147.7910320863197,7.672565033712771,12.156933498474016,0.932
model157,model737,100,75,6,relu,0.75,12,0.8239241969224336,117.94552840737045,7.301796196070312,10.860272943502407,0.95,0.779768917644827,136.95692933462715,7.842039678416194,11.702859878449676,0.937
model158,model737,100,75,6,relu,0.75,14,0.8376067280003469,108.1769760607714,6.9593951853390355,10.40081612474576,0.954,0.78833670354032,134.81891769865396,7.585333356543511,11.611154882209346,0.937
model159,model737,100,75,6,relu,0.75,16,0.8346316631011085,109.31873136861478,7.008015134625937,10.455559830473678,0.951,0.7859119037166541,140.72159610469075,7.675799882606211,11.862613375841377,0.935
model160,model737,100,75,6,relu,0.75,18,0.8513041959164415,97.32990897055565,6.6620763936206835,9.86559217536158,0.958,0.7971502720967585,138.5600125052188,7.632762523821714,11.771151706830508,0.942
model161,model737,100,75,6,relu,0.75,20,0.8249196122417424,116.6731916692523,7.555731805057995,10.801536542050501,0.956,0.7607834944805503,152.03563777388118,8.227952329506984,12.330273223813055,0.938
model162,model737,100,75,6,relu,0.75,22,0.8401457247659536,105.09303271946891,6.809895820147318,10.251489292754927,0.954,0.7743471583713625,151.59545191441353,7.681235648694201,12.312410483508643,0.934
model163,model737,100,75,6,relu,0.75,24,0.8397660735615171,106.8501907070333,6.812496962692414,10.336836590903104,0.955,0.7971400752704226,128.64195399976362,7.4737719807350045,11.342043643002068,0.942
model164,model737,100,75,6,relu,0.75,26,0.8291379369395891,112.05252419430931,7.168571219950651,10.585486488315468,0.953,0.8003785577349602,135.41032969250315,7.882367187843954,11.636594419868004,0.945
model165,model737,100,75,6,relu,0.75,28,0.8348945641427473,106.56783656770332,6.883837181669936,10.323169889510844,0.953,0.7905498646007431,150.71940639264733,7.833514935393438,12.276783226588606,0.938
model166,model737,100,75,6,relu,0.75,30,0.8359484903122696,106.29629416019336,6.974400895243498,10.31000941610595,0.953,0.7929180917893801,146.93841357208012,7.747615760381255,12.121815605431395,0.939
model167,model737,100,75,6,relu,0.75,32,0.832494955911181,108.61861378210946,7.032216024424723,10.422025416497,0.954,0.7825013843203169,153.89237426538352,7.9783527570134,12.40533652366527,0.938
model168,model737,100,75,6,relu,0.75,34,0.842025783052053,104.46102359927123,6.7479839630202365,10.220617574259945,0.954,0.7811009694317264,143.6955308785781,7.6653020110384285,11.987307073674975,0.935
model169,model737,100,75,6,relu,0.75,36,0.8441333918830016,104.90209443031132,6.965287207269756,10.242172349180194,0.957,0.7718138455094553,138.99476571842442,7.811964976113615,11.789604137477408,0.935
model170,model737,100,75,6,relu,0.75,38,0.8299657240048326,112.88701828071576,6.98878419976689,10.624830270678011,0.948,0.7674688356820254,150.14686255674985,7.554490611023133,12.253442885848445,0.925
model171,model737,100,75,6,relu,0.75,40,0.8306350983018592,111.391516998784,7.126013492413716,10.554217971919284,0.953,0.7915394978691475,139.77464014033393,7.700555968462305,11.82263253849725,0.941
model172,model737,100,75,6,relu,0.75,42,0.838101460652808,107.99784014043524,7.048960253971108,10.39220092860195,0.956,0.7820837324303276,138.00218035355877,7.811125359751055,11.747432926114486,0.94
model173,model737,100,75,6,relu,0.75,44,0.8384326252454006,105.49538724881066,6.795105658080725,10.271094744417981,0.954,0.7858354243317248,147.7211625661788,7.499038658732913,12.15405950973496,0.935
model174,model737,100,75,6,relu,0.75,46,0.8274128448973437,115.10086841951961,7.037502978169897,10.728507278252629,0.948,0.7667455911247343,147.80461481089634,7.77365457713008,12.157492126705094,0.928
model175,model737,100,75,6,relu,0.75,48,0.8429697928604527,103.58780371878596,6.810477463664019,10.17780937720814,0.956,0.777362868799508,147.58241801905373,7.77593924692123,12.148350423784034,0.935
model176,model737,100,75,6,relu,0.75,50,0.83815519317938,106.07350411539251,7.043623664173479,10.299199197772248,0.956,0.790118928722178,142.69755575261948,7.900773042132045,11.945608220288303,0.942
model177,model737,100,75,6,relu,0.75,52,0.8386886512048926,106.93690537610945,6.9587014173354165,10.341030189304615,0.953,0.7741630810021884,146.7530831961995,7.732682018748112,12.114168696043468,0.933
model178,model737,100,75,6,relu,0.75,54,0.8173911984299624,120.11118915019107,7.416394433503995,10.959525042180937,0.951,0.7845263776350015,144.48580205059991,8.014748507154527,12.020224708823038,0.943
model179,model737,100,75,6,relu,0.75,56,0.8170632224216515,120.6836576967623,7.423740747211835,10.98561139385343,0.951,0.7460068450749282,168.33659232915497,8.382571630496976,12.974459230702255,0.931
model180,model737,100,75,6,relu,0.75,58,0.8299126256171543,111.89833218459545,7.06650965123072,10.578200800920516,0.954,0.797636090445957,135.5830131688802,7.673301506293858,11.644011901783689,0.944
model181,model737,100,75,6,relu,0.75,60,0.8365553315530647,107.50973195042717,6.906385282689243,10.368689982366488,0.954,0.784958886058138,144.16505149588593,7.728658527325032,12.006875176159946,0.937
model182,model737,100,75,6,relu,0.75,62,0.8318374224420889,109.04736721861927,7.2025217291746975,10.442574740868235,0.953,0.7606748723714865,169.2966694291817,8.285463725670622,13.011405359498323,0.929
model183,model737,100,75,6,relu,0.75,64,0.8334548239963608,110.43445100340473,6.898096408479393,10.50877971048041,0.952,0.7832552629816667,140.6829062614182,7.661783789329759,11.860982516698108,0.937
model184,model737,100,75,6,relu,0.75,66,0.8374083343669526,105.90833559806968,6.920419208402738,10.291177561293445,0.953,0.7867748713059916,148.41683263633792,7.652162312105599,12.182644730777382,0.936
model185,model737,100,75,6,relu,0.75,68,0.8410196661532413,104.04765046308145,6.931518422945517,10.200375015806108,0.957,0.791796440940716,142.34592263669805,7.82269434529984,11.930881050312172,0.941
model186,model737,100,75,6,relu,0.75,70,0.8139747460708706,122.28590181773416,7.460825884576267,11.05829561088571,0.952,0.7601624612400195,161.19888091239545,8.200720357546436,12.696412127541995,0.938
model187,model737,100,75,6,relu,0.75,72,0.8168866214712696,121.03853617428935,7.135796908272541,11.001751504841824,0.951,0.7684826562820711,152.2345094258296,7.965516946579365,12.33833495354335,0.937
model188,model737,100,75,6,relu,0.75,74,0.8098984035368686,126.922429556294,7.704710528035514,11.26598551198669,0.953,0.7360923651511038,166.50860820084947,8.450141785645393,12.903821457260229,0.934
model189,model737,100,75,6,relu,0.75,76,0.8157308698341906,120.99998578530646,7.086685494214043,10.999999353877547,0.942,0.7672705219701027,157.0766722100298,7.767764522671764,12.533023266954778,0.925
model190,model737,100,75,6,relu,0.75,78,0.8462286147025813,101.49043763107873,6.800388509461789,10.07424625622576,0.957,0.787347956704476,140.67285070360015,7.643518956157863,11.860558616844324,0.939
model191,model737,100,75,6,relu,0.75,80,0.8412155119134643,103.91229938775889,6.786101501207647,10.193738244027992,0.954,0.7639692369820126,161.40957623878631,7.766077054107824,12.704706853713168,0.931
model192,model737,100,75,6,relu,0.75,82,0.8389104312581382,104.92441190581503,6.913531966533746,10.24326178059582,0.955,0.7993759122395052,139.67273479030575,7.679281773516058,11.818321995541742,0.944
model193,model737,100,75,6,relu,0.75,84,0.8243450169721627,116.65736723191326,7.365507101738729,10.800804008587196,0.954,0.7473680616831729,162.92275862577227,8.253530905896415,12.764119970674527,0.933
model194,model737,100,75,6,relu,0.75,86,0.8400911765360084,106.0782670135781,6.95099152549997,10.299430421803825,0.957,0.7776207092312555,144.12351559922843,7.867322142456602,12.005145380178801,0.94
model195,model737,100,75,6,relu,0.75,88,0.8375363725686712,105.7125661257427,6.99772982032116,10.281661642251349,0.956,0.7890731062707087,147.40133080886864,7.695358109637665,12.14089497561315,0.941
model196,model737,100,75,6,relu,0.75,90,0.8349075167751874,107.88261722097894,7.1081071441070725,10.386655728432466,0.954,0.7746408396461741,154.97783724177904,7.8810475582982,12.44900948838015,0.935
model197,model737,100,75,6,relu,0.75,92,0.8430762738421731,103.5308874826185,6.795875770751929,10.175012898400595,0.956,0.7697639248506427,152.54334928477394,7.906172141825626,12.350844071753718,0.932
model198,model737,100,75,6,relu,0.75,94,0.8490387356102007,99.98644785165274,6.732309715134769,9.99932236962349,0.959,0.7729239647635062,148.10752271626433,7.689280660151136,12.16994341466978,0.935
model199,model737,100,75,6,relu,0.75,96,0.8323584695033104,109.76261452089228,7.162007844558852,10.476765460813384,0.952,0.7890850837657796,143.9599881069433,8.004436451220725,11.998332721963635,0.938
model200,model737,100,75,6,relu,0.75,98,0.8483311231814651,99.75694720658166,6.883904756294891,9.987839967008966,0.958,0.7476850009517395,169.21092463176547,8.010850586489838,13.008109956168324,0.926
model201,model1230,200,100,6,relu,0.05,0,0.879522704764461,79.21490604647975,5.961328910584374,8.900275616321089,0.968,0.7584375670156525,162.1820370811754,8.383435199947233,12.73507114550898,0.932
model202,model1230,200,100,6,relu,0.05,2,0.8757153268872951,79.96072322633496,6.002977556702745,8.94207600204421,0.967,0.7630255860539555,172.5129660563676,8.431041495288161,13.134419136618398,0.933
model203,model1230,200,100,6,relu,0.05,4,0.8866358895836298,74.82060581922599,5.738515821053668,8.649890509088886,0.968,0.7376123336452708,173.58407817893038,8.221142178944426,13.175131049782024,0.922
model204,model1230,200,100,6,relu,0.05,6,0.8644489298884371,89.8948006463579,6.261656165134927,9.481286866578708,0.965,0.7623304035932328,154.20993453320617,8.022267129567293,12.418129268662256,0.936
model205,model1230,200,100,6,relu,0.05,8,0.8686345690901704,86.86155434255434,6.163988238861704,9.319954632000863,0.964,0.781799241627115,143.27552751243945,7.905659828728663,11.969775583211218,0.939
model206,model1230,200,100,6,relu,0.05,10,0.8755559076410547,81.59073032675519,5.876147346536977,9.032758732898559,0.966,0.7537281720116644,167.1925088957448,8.212341045236785,12.930294230826489,0.928
model207,model1230,200,100,6,relu,0.05,12,0.8734741583454455,84.75416264073283,6.086393110940235,9.206202400595634,0.964,0.7635102292027324,147.0678547327349,7.905941096101105,12.12715361215215,0.931
model208,model1230,200,100,6,relu,0.05,14,0.8704661003801761,86.28796861893376,6.176003625042465,9.289131747312757,0.964,0.7603469205874066,152.6470074404711,8.071580790192229,12.355039758757197,0.929
model209,model1230,200,100,6,relu,0.05,16,0.8700666991061476,85.89397391676646,6.274863411807983,9.267900189188836,0.965,0.7524289791954927,162.73015549061145,8.065931832542551,12.756573030818718,0.93
model210,model1230,200,100,6,relu,0.05,18,0.8810970345196286,77.82879199489996,5.793349470144011,8.82206279703902,0.968,0.745164219569167,174.0699841614585,8.405508492737548,13.193558434382231,0.929
model211,model1230,200,100,6,relu,0.05,20,0.85532326721805,96.41226176204609,6.297892226191265,9.818974577930533,0.957,0.7593126214101018,152.97046091605722,7.856666838776476,12.368122772517147,0.924
model212,model1230,200,100,6,relu,0.05,22,0.8721405094680499,84.05869409682798,6.2363811718526545,9.168352856256568,0.965,0.7508444140720587,167.38479060639168,8.232105042846435,12.937727412741067,0.929
model213,model1230,200,100,6,relu,0.05,24,0.8740055853670534,84.0179575623138,6.075796812329862,9.166131002899412,0.965,0.7620743208394638,150.8786139733277,8.009799587996607,12.283265607049605,0.933
model214,model1230,200,100,6,relu,0.05,26,0.8723315987677405,83.72582164636866,6.090546181457463,9.150181508930228,0.966,0.7560134173260261,165.50478358213965,8.33462957489341,12.86486624812476,0.932
model215,model1230,200,100,6,relu,0.05,28,0.8698124116596595,84.02999916605958,6.095868817075157,9.166787832499429,0.967,0.7675190994746596,167.29224480096332,8.180953981296906,12.934150331620678,0.936
model216,model1230,200,100,6,relu,0.05,30,0.869110515082952,84.80913840843066,6.106065370536157,9.209187717080734,0.964,0.7462290643062933,180.06738987362357,8.203360732750683,13.418919102283297,0.926
model217,model1230,200,100,6,relu,0.05,32,0.8773743484787119,79.51658026075772,5.979106605589446,8.917206976444907,0.967,0.7740487290588101,159.87309824826997,8.124008785300505,12.64409341345871,0.936
model218,model1230,200,100,6,relu,0.05,34,0.8672694309539233,87.76856991818825,6.162265590200727,9.368488134068818,0.962,0.7638651767883042,155.00990887093357,8.041246306412612,12.450297541461953,0.929
model219,model1230,200,100,6,relu,0.05,36,0.8747521791461467,84.29489092711428,6.048226480531382,9.181224914308237,0.966,0.7571725027081635,147.91322975500125,8.029518104522712,12.16195830263372,0.933
model220,model1230,200,100,6,relu,0.05,38,0.872988285378695,84.32402035650641,6.118047715771119,9.182811135839962,0.964,0.7408137164411428,167.3582438218512,7.975886912924055,12.936701427406106,0.92
model221,model1230,200,100,6,relu,0.05,40,0.8687407221469158,86.32939843864028,6.116251127361455,9.291361495423601,0.962,0.7713472974490554,153.3136919919324,8.040817265771471,12.38199063123262,0.932
model222,model1230,200,100,6,relu,0.05,42,0.8808160473977346,79.50417287484882,5.876658917351322,8.91651125019471,0.967,0.7688140372358632,146.40562306064237,8.017654623271898,12.099819133385521,0.932
model223,model1230,200,100,6,relu,0.05,44,0.8702897303806862,84.69429638515317,6.0872988652813484,9.202950417401649,0.963,0.7636226372128998,163.04255139432166,8.002105884557723,12.768811667274354,0.928
model224,model1230,200,100,6,relu,0.05,46,0.8397318472374161,106.88514769244095,6.940337371723255,10.338527346408721,0.961,0.7213985168022979,176.53936364307378,8.537938687612828,13.286811643245109,0.93
model225,model1230,200,100,6,relu,0.05,48,0.8828538191119641,77.27758762650922,5.816716284891478,8.790767180770358,0.967,0.7508500619578821,165.15731274151418,8.122177046415393,12.851354509992873,0.924
model226,model1230,200,100,6,relu,0.05,50,0.8465347694156167,100.58150822228461,6.793122385609461,10.029033264591588,0.962,0.7282596148069123,184.75553097877884,8.71072551227487,13.592480677888744,0.929
model227,model1230,200,100,6,relu,0.05,52,0.8643700003413984,89.91216394871243,6.443827434229351,9.482202484059936,0.963,0.7534379516284857,160.22066258369753,8.001520146059786,12.657830089857326,0.93
model228,model1230,200,100,6,relu,0.05,54,0.8805088233003353,78.59548500923545,5.9284145849633205,8.865409466529758,0.969,0.7621556566537485,159.4864853265849,8.30041988607104,12.62879587793646,0.936
model229,model1230,200,100,6,relu,0.05,56,0.8680099864722721,87.07400350456712,6.163244664108808,9.331345214092506,0.963,0.7376242863174847,173.89221990755658,8.185572014106357,13.186819931566388,0.922
model230,model1230,200,100,6,relu,0.05,58,0.8777473697067878,80.42845910595756,5.903902853483612,8.968191518135502,0.965,0.7609662234662162,160.15167794992652,8.05279589069126,12.655104817816664,0.928
model231,model1230,200,100,6,relu,0.05,60,0.8705252804348309,85.16516645709575,6.302712787664365,9.22849751894076,0.967,0.7359822308474323,176.99934020988772,8.581013870784487,13.304109899196103,0.929
model232,model1230,200,100,6,relu,0.05,62,0.8786715892185933,78.67709901137346,6.0327574040263325,8.870011218221398,0.968,0.7392845960837933,184.42797874701282,8.4986157295882,13.580426309472498,0.928
model233,model1230,200,100,6,relu,0.05,64,0.8641607307468546,90.07366940695415,6.3857489722953,9.490714904945472,0.962,0.7473505331915014,163.98765545578567,8.062632022236416,12.805766492318439,0.928
model234,model1230,200,100,6,relu,0.05,66,0.8724661219864499,83.07252835004483,6.266475298649386,9.114413220281646,0.968,0.7599460291840845,167.09123464243555,8.29681963186571,12.92637747562849,0.936
model235,model1230,200,100,6,relu,0.05,68,0.8693633604806318,85.49759003201338,6.197143225889046,9.246490687391264,0.963,0.7658494929584141,160.08549571044895,7.972219650559026,12.652489704024617,0.929
model236,model1230,200,100,6,relu,0.05,70,0.8660978952600518,88.0221329500534,6.211745080228947,9.382011135681593,0.963,0.7600938209863684,161.24501519200533,8.058145975852485,12.698228821060255,0.932
model237,model1230,200,100,6,relu,0.05,72,0.8671553756448769,87.81072688276905,6.225817246251132,9.370737798208262,0.963,0.758720595926774,158.65356402151738,8.25860046835523,12.595775641917308,0.93
model238,model1230,200,100,6,relu,0.05,74,0.8857864567943502,76.25533220971798,5.775383059583436,8.73242991438912,0.969,0.75524345792981,154.4255102414687,8.072026265313724,12.426806115871797,0.931
model239,model1230,200,100,6,relu,0.05,76,0.8777699154289333,80.26216047325808,5.984343398289937,8.958915139304429,0.967,0.750899786933888,168.12581219388005,8.212735201143564,12.966333799261843,0.927
model240,model1230,200,100,6,relu,0.05,78,0.877122347233307,81.10030829370926,5.999538773919877,9.00557095878486,0.965,0.7550439143818943,162.04251004165818,8.075457311650013,12.729591903971556,0.926
model241,model1230,200,100,6,relu,0.05,80,0.8796549928399382,78.75659999623562,5.96706290943094,8.874491534518224,0.968,0.7519087422049501,169.6571424725462,8.241228594789156,13.02525018848184,0.929
model242,model1230,200,100,6,relu,0.05,82,0.878019891559959,79.45077538067116,5.91961881498152,8.913516443058327,0.966,0.7746140877317962,156.91170039008037,8.082502350100732,12.526440052548065,0.935
model243,model1230,200,100,6,relu,0.05,84,0.8863155838316312,75.5009875432757,5.933854374291349,8.68913042503539,0.971,0.741574423622555,166.65908547978782,8.377073876587742,12.909650865913758,0.931
model244,model1230,200,100,6,relu,0.05,86,0.884542277012524,76.59086536024154,5.732965881205318,8.751620727627628,0.968,0.7473153099100851,163.76437638580046,8.095842304772365,12.797045611616786,0.927
model245,model1230,200,100,6,relu,0.05,88,0.889333495608401,72.00898039991529,5.591575409468805,8.485810532878713,0.97,0.7688316489852189,161.5466002367744,8.11202362994943,12.710098356691596,0.935
model246,model1230,200,100,6,relu,0.05,90,0.8729850288377333,83.00019024229591,6.2685820027557995,9.110444020040731,0.969,0.7348174240312495,182.36410729129258,8.622629039930313,13.504225534672196,0.93
model247,model1230,200,100,6,relu,0.05,92,0.874377570351605,82.8797655246886,6.032789662786165,9.103832463566572,0.966,0.7449025221089041,169.01531893454433,8.320770327218034,13.000589176439055,0.926
model248,model1230,200,100,6,relu,0.05,94,0.8724318749070005,84.49242750252287,6.258834276011797,9.191976256633982,0.966,0.7558555879226759,159.2401594476139,7.998148161420561,12.619039561219147,0.93
model249,model1230,200,100,6,relu,0.05,96,0.880246833467834,78.40790176981788,5.8402741903999535,8.854823644196303,0.967,0.7785237254609958,151.16864382032787,8.072714627982919,12.295065832289303,0.936
model250,model1230,200,100,6,relu,0.05,98,0.8749838312926729,82.22670071347079,6.108177948166673,9.067893951379824,0.967,0.7253970363225114,184.15798333734176,8.273561727930428,13.570482059873251,0.921
model251,model788,100,100,3,relu,0.1,0,0.8381119828656662,106.44282843730616,6.9912540507534615,10.317113377166415,0.957,0.7895002372610821,141.3269435331193,7.831760318420991,11.888100922061492,0.942
model252,model788,100,100,3,relu,0.1,2,0.8261357826084424,111.85859219505414,7.117336316064624,10.576322243344052,0.953,0.7829360833030032,158.01849435837056,7.948008078055215,12.570540734525725,0.938
model253,model788,100,100,3,relu,0.1,4,0.8375780981104747,107.19887496184423,6.858202827183326,10.353688954273458,0.952,0.7815757770150342,144.49980795795534,7.425900929025729,12.02080729227265,0.933
model254,model788,100,100,3,relu,0.1,6,0.8515779451650206,98.43058428039022,6.708524229312861,9.921218890861658,0.958,0.8034331870601908,127.54073643887358,7.40651123577195,11.29339348640937,0.944
model255,model788,100,100,3,relu,0.1,8,0.8485661176801089,100.13123168957648,6.807417872141053,10.006559433170649,0.958,0.8081058066672135,126.00204500364178,7.503139619936273,11.225063251654388,0.947
model256,model788,100,100,3,relu,0.1,10,0.836466179272884,107.21958441999868,7.003124053363622,10.35468900643562,0.954,0.7879909056596084,143.93173868496072,7.769120348698225,11.997155441393627,0.937
model257,model788,100,100,3,relu,0.1,12,0.8380091843278517,108.51060746362575,6.984937304320728,10.416842490103503,0.955,0.7876213472485456,132.07367382482033,7.434100784765679,11.492331087504411,0.94
model258,model788,100,100,3,relu,0.1,14,0.8438732692139777,104.00256987692273,6.911362104906612,10.19816502498968,0.957,0.7709142390920398,145.91615486659086,7.797945540261213,12.079575939021653,0.934
model259,model788,100,100,3,relu,0.1,16,0.8287553612072682,113.20333152980743,7.2530080390144445,10.639705424954556,0.955,0.7662489647429063,153.64618277966778,7.92443069727207,12.395409746340286,0.937
model260,model788,100,100,3,relu,0.1,18,0.8472044979758669,100.01339576981103,6.715039666105582,10.000669766061222,0.957,0.7921245638184506,141.99290940425772,7.623746512719358,11.916077769310576,0.94
model261,model788,100,100,3,relu,0.1,20,0.8441462405672513,103.86060814406092,6.994948538585214,10.191202487639078,0.957,0.7977101609950166,128.56664978662104,7.522053419151992,11.33872346371588,0.943
model262,model788,100,100,3,relu,0.1,22,0.8387009976486014,106.04283999858167,7.076411169826835,10.297710425069335,0.958,0.7717116471673312,153.3660102159045,8.148860012848276,12.384103125212762,0.939
model263,model788,100,100,3,relu,0.1,24,0.8345155019400179,110.35147530729247,6.948793569187736,10.504831046108857,0.951,0.7961112953708849,129.29434631770735,7.447645615437446,11.370767182459913,0.939
model264,model788,100,100,3,relu,0.1,26,0.8407712050270197,104.4233464208628,6.868002697808197,10.218774213224538,0.956,0.7869392447890352,144.5266940279148,7.848127262096061,12.02192555408304,0.941
model265,model788,100,100,3,relu,0.1,28,0.833819013865234,107.26205396641745,6.850561754682956,10.356739543235479,0.953,0.7875334566563572,152.89000042902396,7.860911650063882,12.364869608249977,0.936
model266,model788,100,100,3,relu,0.1,30,0.8228579089873862,114.77826598652037,6.96713232415042,10.713461904842914,0.947,0.7830693373803954,153.92676113475258,7.698046938543037,12.40672241709117,0.933
model267,model788,100,100,3,relu,0.1,32,0.8322866233025207,108.75370702232432,7.172345364740044,10.428504543908696,0.954,0.7755275376785589,158.82675885495433,8.132699710934016,12.602648882475236,0.937
model268,model788,100,100,3,relu,0.1,34,0.8247376117059911,115.8928895699333,6.993441443991369,10.765355989001632,0.948,0.7638134157204048,155.04388724950996,7.925530721074297,12.451662027597358,0.928
model269,model788,100,100,3,relu,0.1,36,0.840538796070865,107.3213465965002,6.998840419839156,10.359601662057292,0.957,0.7684828156136223,141.0237920675738,7.805027632012061,11.875343871550575,0.936
model270,model788,100,100,3,relu,0.1,38,0.8325364236886508,111.18031167404513,7.030136713334431,10.54420749388237,0.951,0.7707498113554109,148.02831554422903,7.526634275865997,12.166688766637742,0.929
model271,model788,100,100,3,relu,0.1,40,0.8425010924506409,103.5872371528495,6.968043437707241,10.177781543777087,0.956,0.7999098678949054,134.16223181246107,7.6370422493650825,11.582842130170862,0.944
model272,model788,100,100,3,relu,0.1,42,0.8367075861082722,108.9276535954768,7.014318544169239,10.436841169409297,0.953,0.7926749617766282,131.2949585443986,7.647772894684043,11.458401221130224,0.939
model273,model788,100,100,3,relu,0.1,44,0.825950289282196,113.64572619074202,7.118999144414531,10.660474951461685,0.952,0.7845548239802821,148.60446351409462,7.715612915430864,12.19034304333125,0.939
model274,model788,100,100,3,relu,0.1,46,0.8420700809699659,105.3257458179259,6.8412544242460305,10.262833225670478,0.956,0.7853661924161555,136.00543461663233,7.564291705589384,11.66213679462869,0.94
model275,model788,100,100,3,relu,0.1,48,0.8460528847927464,101.55398660966377,6.705139455661543,10.07739979407703,0.956,0.7822524266379268,144.34121218359033,7.65545615501175,12.014208762277702,0.935
model276,model788,100,100,3,relu,0.1,50,0.8370168730149342,106.81956208920079,6.816442251737392,10.335354957097545,0.952,0.7833433551036959,147.30424938293493,7.742205574083839,12.136896200550408,0.934
model277,model788,100,100,3,relu,0.1,52,0.8362719745229462,108.53897446543434,6.929158983168957,10.418203994232131,0.952,0.7733406080029427,147.28754164090628,7.7368569286085,12.13620787729455,0.932
model278,model788,100,100,3,relu,0.1,54,0.8406968977795833,104.78183350691354,6.979964076477826,10.2362997956739,0.956,0.7737129659084134,151.73673350601896,7.906130599597652,12.31814651260566,0.939
model279,model788,100,100,3,relu,0.1,56,0.8434398475147691,103.2829598377967,6.91192499564974,10.16282243462891,0.957,0.7747925975275824,149.2585369503007,7.759693022431342,12.217141111991001,0.936
model280,model788,100,100,3,relu,0.1,58,0.8412609309549164,104.43242564670729,6.953291631994641,10.219218445982417,0.957,0.7903627913746322,140.4560945693227,7.857494470340255,11.851417407606682,0.942
model281,model788,100,100,3,relu,0.1,60,0.83616129716855,107.76891771317466,6.888273483160858,10.38118094020014,0.952,0.7732194496432994,152.03525093940007,7.737979621497138,12.330257537432058,0.931
model282,model788,100,100,3,relu,0.1,62,0.8453198485819051,100.30450007411362,6.715542432020119,10.015213431281113,0.956,0.7667542738443632,164.99614974836285,7.943981218339746,12.845082706949102,0.929
model283,model788,100,100,3,relu,0.1,64,0.8338422309191538,110.1775653231337,6.955862516948712,10.496550162940856,0.953,0.7909789114655245,135.66970349304464,7.691189511744159,11.647733835087607,0.941
model284,model788,100,100,3,relu,0.1,66,0.8388212930294481,104.98796800338923,6.841351002515947,10.246363647821076,0.954,0.7930468343208839,144.05118919279045,7.508351904952815,12.002132693517034,0.939
model285,model788,100,100,3,relu,0.1,68,0.8297027750519492,111.4542013310082,7.084887106133001,10.557187188404315,0.951,0.7895343675940322,143.89247121185429,7.747151830848663,11.995518797111457,0.937
model286,model788,100,100,3,relu,0.1,70,0.8408609679732807,104.61192571844336,6.85663000989644,10.22799715088166,0.955,0.785178047228585,144.38548094351023,7.6424272046213115,12.016050971243017,0.939
model287,model788,100,100,3,relu,0.1,72,0.8230134869625354,116.98865824424377,7.100647477246043,10.816129540840558,0.95,0.789830196979287,138.19740821647892,7.655067836944547,11.755739373449844,0.939
model288,model788,100,100,3,relu,0.1,74,0.8431637696258403,104.71261563234481,6.947355655581575,10.23291823637543,0.957,0.7736516224037787,142.81115187761225,7.757997382069865,11.95036199776443,0.936
model289,model788,100,100,3,relu,0.1,76,0.8324504135458511,110.02112812408384,7.1986557063136445,10.489095677134605,0.955,0.7873363076100227,143.53362274212552,7.8728405961087145,11.98055185465701,0.942
model290,model788,100,100,3,relu,0.1,78,0.8294064542502813,112.59320829872918,7.212460456564682,10.610994689411978,0.953,0.7870604153437779,140.86306407882918,7.763470976505468,11.868574643942262,0.941
model291,model788,100,100,3,relu,0.1,80,0.8458709471876604,100.86567317242637,6.768903770940454,10.043190388139935,0.955,0.7629577517313199,162.1012801658445,7.775760600606825,12.731900100371684,0.928
model292,model788,100,100,3,relu,0.1,82,0.8362004395660165,106.68954348314985,7.194673379656043,10.329063049626033,0.956,0.7945743573649895,143.0155352887681,8.118531808487353,11.95891028851576,0.944
model293,model788,100,100,3,relu,0.1,84,0.8223271833874749,117.9974667237934,7.119486856510762,10.862663887085588,0.948,0.7804659863822895,141.5778517517827,7.647390581372651,11.898649156596841,0.934
model294,model788,100,100,3,relu,0.1,86,0.8452909394288411,102.62891491026896,6.816253358533945,10.130593018686959,0.957,0.7879899712248395,137.4032203436828,7.607879173101631,11.721911974745536,0.941
model295,model788,100,100,3,relu,0.1,88,0.8353099874831317,107.1612404185529,6.865404416724822,10.351871348628368,0.952,0.7823054722604424,152.13073369298306,7.616827496056037,12.334128817755353,0.935
model296,model788,100,100,3,relu,0.1,90,0.838111086781256,105.78918746600526,6.9572538508725685,10.285387083916932,0.956,0.7698188579906796,158.29387856450478,7.873816557187121,12.581489520899535,0.933
model297,model788,100,100,3,relu,0.1,92,0.8481622743389251,100.17538377353512,6.751542605798103,10.008765347111257,0.958,0.7737442160543819,149.90619978092997,7.817572097694759,12.243618737159776,0.934
model298,model788,100,100,3,relu,0.1,94,0.8227598669593985,117.39177855403261,7.157111650815395,10.834748661322633,0.948,0.7731216327807827,147.97859620788762,7.6091032044997196,12.164645338351942,0.931
model299,model788,100,100,3,relu,0.1,96,0.8342009218594086,108.55627628754193,6.896753246774696,10.419034326056419,0.952,0.7966552784814821,138.7929512719119,7.6934239754003295,11.781042028272028,0.939
model300,model788,100,100,3,relu,0.1,98,0.8365603592048515,107.49891447914922,7.119508036596604,10.368168328067847,0.955,0.742176240379522,172.90528475112424,7.976627520462574,13.149345411507154,0.925
