,6c_model,6b_model,epochs,hidden_neurons,hidden_layers,activation,regularization,random_state_trainsplit,random_WeightInit,acc_train,mse_train,mae_train,rmse_train,ia_train,acc_test,mse_test,mae_test,rmse_test,ia_test
model1,model59,model1254,200,100,10,relu,1.0,16,0,0.8609602633292073,91.91389299615801,6.459053844279529,9.587173357990249,0.965,0.7227261303244574,182.25404483594193,8.36622903015249,13.50014980790739,0.926
model2,model59,model1254,200,100,10,relu,1.0,16,2,0.8762378582304575,81.81445483110328,5.998836943486796,9.04513431802443,0.966,0.7577470901124966,159.2345241617584,7.979056732175309,12.618816274189841,0.931
model3,model59,model1254,200,100,10,relu,1.0,16,4,0.8742058826337504,83.15771677936739,6.094638887223008,9.119085303876009,0.968,0.7458550029104958,167.05127586880744,8.194086319654861,12.924831753984554,0.932
model4,model59,model1254,200,100,10,relu,1.0,16,6,0.8775320191223535,80.95893418221728,5.9986399871015825,8.997718276441939,0.966,0.7573225652795198,159.51356728988966,7.86379517992339,12.629868063043638,0.929
model5,model59,model1254,200,100,10,relu,1.0,16,8,0.8786341737517086,80.23034158636372,5.97646182826718,8.957139140728122,0.966,0.7350387138324064,174.16089797962294,8.199042989306268,13.197003371206016,0.921
model6,model59,model1254,200,100,10,relu,1.0,16,10,0.8348300441935962,109.18758915744569,7.099759497345402,10.449286538201816,0.96,0.6898582456801393,203.85833422908877,8.901288041441424,14.277896701863646,0.922
model7,model59,model1254,200,100,10,relu,1.0,16,12,0.8822565325818992,77.83573764159252,5.8923108735435825,8.822456440334093,0.969,0.7527528325480755,162.51728442738803,7.986736807839305,12.74822671697472,0.931
model8,model59,model1254,200,100,10,relu,1.0,16,14,0.873568488799719,83.5790736523043,6.213067491399437,9.142159135144405,0.968,0.7362718593041714,173.3503428762398,8.26761903464597,13.166257740004934,0.929
model9,model59,model1254,200,100,10,relu,1.0,16,16,0.8913855473561256,71.80089244402642,5.612536435222612,8.473540726521966,0.97,0.7340700189681952,174.79762785763444,8.165474309114776,13.221105394695046,0.922
model10,model59,model1254,200,100,10,relu,1.0,16,18,0.8483646479292687,100.24037630094057,6.477692492175621,10.012011601118957,0.954,0.7417025190165902,169.78073244062932,7.912720004980097,13.029993570245125,0.917
model11,model59,model1254,200,100,10,relu,1.0,16,20,0.8565862997727857,94.80535430010109,6.354140620243547,9.73680411121129,0.962,0.7545243305984207,161.35286642625363,8.052394121660663,12.702474815021427,0.932
model12,model59,model1254,200,100,10,relu,1.0,16,22,0.8673744306910699,87.67373038743857,6.372759594452553,9.363425141871886,0.966,0.7382274181497246,172.06494043303863,8.383573003871552,13.117352645752824,0.929
model13,model59,model1254,200,100,10,relu,1.0,16,24,0.8632340131035674,90.41080331500157,6.282287884486706,9.508459565828819,0.961,0.7610646558842052,157.0538650841082,7.928947694873792,12.532113352667546,0.929
model14,model59,model1254,200,100,10,relu,1.0,16,26,0.8609886995919473,91.89509486209012,6.446636980065475,9.586192928482616,0.966,0.7219132231514565,182.7883743799734,8.502369894976704,13.519925087809229,0.927
model15,model59,model1254,200,100,10,relu,1.0,16,28,0.8795634909333435,79.61600526757071,5.978062542032036,8.922780131078582,0.966,0.7494717020388004,164.67399435338928,8.113710801738454,12.83253655180414,0.925
model16,model59,model1254,200,100,10,relu,1.0,16,30,0.8497210271207906,99.3437254955169,6.915707942304223,9.967132260360394,0.962,0.737774757106308,172.36247768816796,8.504755292293657,13.128689107758168,0.93
model17,model59,model1254,200,100,10,relu,1.0,16,32,0.8478049331311883,100.61038251133009,6.554983276120696,10.030472696305498,0.954,0.7439107690212916,168.32923433935937,8.047485973785669,12.974175670899458,0.919
model18,model59,model1254,200,100,10,relu,1.0,16,34,0.875985269353706,81.98143175112384,5.9920247035455,9.05435982006038,0.966,0.7645537287861377,154.76047317578025,7.86258679100228,12.440276249978545,0.932
model19,model59,model1254,200,100,10,relu,1.0,16,36,0.8543647726749305,96.27392155180543,6.494587458687274,9.811927514602084,0.957,0.7439242958628064,168.32034305226185,8.31409201206075,12.973833013117668,0.921
model20,model59,model1254,200,100,10,relu,1.0,16,38,0.8810983368317158,78.60137689552046,5.805190357692956,8.865741756645095,0.968,0.7462929923411523,166.76338236688477,8.133302527515568,12.91368972706425,0.928
model21,model59,model1254,200,100,10,relu,1.0,16,40,0.8824934405505476,77.67912677478797,5.882281359226461,8.813576276108806,0.968,0.7476610811164881,165.86412809062944,8.070757395281616,12.878824794624292,0.926
model22,model59,model1254,200,100,10,relu,1.0,16,42,0.8821818694179485,77.88509462562051,5.874395743223643,8.825253232945812,0.97,0.7337161520727604,175.03022703151981,8.476326667425221,13.229898980397387,0.928
model23,model59,model1254,200,100,10,relu,1.0,16,44,0.8745552838261402,82.92674091175564,6.186631953568371,9.10641207675974,0.967,0.7666533539437802,153.380374942696,8.142398329315608,12.384683078007932,0.936
model24,model59,model1254,200,100,10,relu,1.0,16,46,0.876027130734925,81.95375878074742,6.011755942283899,9.052831533876427,0.966,0.7391037246026015,171.48893810097778,8.159195228788512,13.09537850163094,0.923
model25,model59,model1254,200,100,10,relu,1.0,16,48,0.8703574231591518,85.70178727905369,6.113456164045896,9.257525980468738,0.964,0.750294399579907,164.13322953224431,7.9894866160011535,12.811449158164907,0.926
model26,model59,model1254,200,100,10,relu,1.0,16,50,0.8568691025449118,94.61840412054364,6.553824442066517,9.727199191984486,0.964,0.6963640350041913,199.58203361501927,8.544028171118725,14.127350551855761,0.919
model27,model59,model1254,200,100,10,relu,1.0,16,52,0.8785625068648371,80.27771784533113,5.977141233618539,8.959783359285598,0.968,0.7376365026776752,172.45335328659453,8.339355630075948,13.132149606465598,0.926
model28,model59,model1254,200,100,10,relu,1.0,16,54,0.8706833172621101,85.48635105611035,6.12379212595379,9.245882924637883,0.963,0.771666632234635,150.08511222116482,7.801661945936267,12.250922913036586,0.932
model29,model59,model1254,200,100,10,relu,1.0,16,56,0.8165447946027409,121.27527368953936,7.502836529767248,11.012505332100382,0.953,0.7334891583359993,175.1794315949558,8.665075848852455,13.235536694632213,0.93
model30,model59,model1254,200,100,10,relu,1.0,16,58,0.862862683191646,90.6562754268441,6.387725071247148,9.52135890652401,0.963,0.7536559953518678,161.92362922890456,8.066236245486634,12.724921580461883,0.93
model31,model59,model1254,200,100,10,relu,1.0,16,60,0.8758228860062859,82.0887772192361,6.148876138070992,9.060285713995786,0.967,0.7551816125249664,160.92083044013393,8.203626935451775,12.68545743913612,0.932
model32,model59,model1254,200,100,10,relu,1.0,16,62,0.8739056608863566,83.35618198237924,6.234228876131706,9.129960678030287,0.966,0.7546100719898314,161.2965080127733,8.164226428301848,12.700256218390765,0.93
model33,model59,model1254,200,100,10,relu,1.0,16,64,0.8561437496116916,95.09790741567942,6.470233383723315,9.751815595861082,0.958,0.7456636034692046,167.17708405403414,8.062695979242996,12.929697755710848,0.922
model34,model59,model1254,200,100,10,relu,1.0,16,66,0.8817464288044254,78.17294788912537,5.876559951349058,8.841546690999566,0.969,0.7363390068081443,173.30620635441747,8.345598331832297,13.164581510796971,0.927
model35,model59,model1254,200,100,10,relu,1.0,16,68,0.8819399073573612,78.04504656079006,5.767609917412876,8.834310757540175,0.966,0.7510402265161626,163.64299229481813,8.013759718919577,12.792302071746827,0.925
model36,model59,model1254,200,100,10,relu,1.0,16,70,0.8666154273891369,88.17547866421198,6.295413089289165,9.390179905849088,0.964,0.754194379591602,161.56974552005641,8.21223436197535,12.711008831719708,0.932
model37,model59,model1254,200,100,10,relu,1.0,16,72,0.8680087799466398,87.25438616977296,6.161482758737231,9.341005629469075,0.962,0.7374756993945819,172.55905040403636,7.993639671494887,13.136173354673588,0.921
model38,model59,model1254,200,100,10,relu,1.0,16,74,0.853372019266831,96.93019315234558,6.736020223423984,9.845313258213046,0.962,0.7573808397227388,159.47526309267246,8.211342229334837,12.628351558801032,0.934
model39,model59,model1254,200,100,10,relu,1.0,16,76,0.8785329738026751,80.29724103187043,5.926611896898564,8.960872782930824,0.966,0.7485885728570534,165.25448131263425,7.966589475864367,12.855134433860824,0.926
model40,model59,model1254,200,100,10,relu,1.0,16,78,0.8541800322578803,96.39604643014162,6.569938288239929,9.818148829088996,0.964,0.7311413590731133,176.72265639513088,8.540335299185202,13.293707398432195,0.931
model41,model59,model1254,200,100,10,relu,1.0,16,80,0.8417660165660797,104.60248106005179,6.998703866523542,10.227535434309274,0.96,0.7428237540178979,169.0437368685652,8.468061958635792,13.001682078429898,0.933
model42,model59,model1254,200,100,10,relu,1.0,16,82,0.8526210286964413,97.42664451639965,6.503982311629416,9.870493630837297,0.957,0.7366787546818591,173.08288771180113,7.917884732100253,13.156096978655984,0.92
model43,model59,model1254,200,100,10,relu,1.0,16,84,0.8528043914886718,97.30543033354735,6.676329600714891,9.864351490774615,0.961,0.7613766281800134,156.84880352221512,8.087002509526265,12.523929236554123,0.934
model44,model59,model1254,200,100,10,relu,1.0,16,86,0.8824914813107357,77.68042195386943,5.893379636385254,8.813649752166773,0.97,0.7323009506054715,175.9604488081805,8.359219732348777,13.2650084360388,0.928
model45,model59,model1254,200,100,10,relu,1.0,16,88,0.8671003587451043,87.85490894917865,6.204678016631479,9.373094950398116,0.965,0.7466759606957838,166.51165460127373,8.106973168891638,12.903939499287562,0.93
model46,model59,model1254,200,100,10,relu,1.0,16,90,0.8517612236772654,97.99502898275702,6.442063737439604,9.89924385914182,0.956,0.720378171789104,183.7973743270186,8.252850840305896,13.557189027487173,0.912
model47,model59,model1254,200,100,10,relu,1.0,16,92,0.8645972510951728,89.50961841715188,6.263136257907074,9.460952299697524,0.963,0.759111601134055,158.33762156796826,7.97484514049876,12.58322778813005,0.93
model48,model59,model1254,200,100,10,relu,1.0,16,94,0.8811897191851861,78.54096748983743,5.959215969575598,8.862334200978736,0.969,0.7566661452436416,159.9450367492734,8.153256194088852,12.646937840808478,0.933
model49,model59,model1254,200,100,10,relu,1.0,16,96,0.8492028065662258,99.68630143633196,6.78746980984146,9.984302751636289,0.959,0.7687209318780224,152.021341572656,8.196282185093184,12.329693490620762,0.935
model50,model59,model1254,200,100,10,relu,1.0,16,98,0.878671170689047,80.20588431521854,5.933898943163928,8.955773797680385,0.967,0.7384514988171418,171.91765065036242,8.160177679614574,13.111737133208644,0.926
model51,model255,model788,100,100,3,relu,0.1,8,0,0.8398901555905467,105.86795821874793,6.942801374975521,10.289215626992561,0.955,0.7956787944698669,134.16190082291294,7.676816601897776,11.582827842237531,0.942
model52,model255,model788,100,100,3,relu,0.1,8,2,0.8372628958116127,107.60515701206305,7.017801977646934,10.373290558548096,0.955,0.7983634284124372,132.39910977137015,7.719094194135888,11.50648120718798,0.944
model53,model255,model788,100,100,3,relu,0.1,8,4,0.8124116992996417,124.03728486603214,7.656962323168973,11.137202739738203,0.951,0.7779035033897572,145.8335568940512,8.159755368075833,12.076156544780762,0.941
model54,model255,model788,100,100,3,relu,0.1,8,6,0.8338219698259314,109.8803688194915,7.064002674541695,10.482383737465991,0.952,0.7980439509303792,132.60888587440272,7.619309766773224,11.51559316207388,0.942
model55,model255,model788,100,100,3,relu,0.1,8,8,0.8423501280123431,104.24137330430631,6.828635698048455,10.209866468485584,0.955,0.7977032185626161,132.83261841362884,7.4801693382186905,11.525303397899286,0.942
model56,model255,model788,100,100,3,relu,0.1,8,10,0.8295840879121743,112.68254445732589,7.25935154807942,10.615203458122028,0.953,0.7987006375483234,132.17769066546794,7.761939602926241,11.496855686032939,0.945
model57,model255,model788,100,100,3,relu,0.1,8,12,0.8271184416722834,114.31288101826478,7.146450996694655,10.69172020856629,0.953,0.7906006044493903,137.49635465074437,7.7665918618188154,11.725883960313796,0.944
model58,model255,model788,100,100,3,relu,0.1,8,14,0.8365377017666648,108.08467039323091,6.993978926179561,10.396377753488515,0.953,0.805510905981753,127.70591517954833,7.493381352799953,11.300704189542717,0.944
model59,model255,model788,100,100,3,relu,0.1,8,16,0.8515897873469915,98.13191843596917,6.827908914462623,9.906155583069003,0.959,0.7987998234559249,132.11256296683217,7.665984746419481,11.494022923538658,0.943
model60,model255,model788,100,100,3,relu,0.1,8,18,0.828428189122655,113.446848771063,6.986887367996591,10.651143073448173,0.949,0.7878516527505549,139.30137818821436,7.628874615378173,11.802600484139687,0.936
model61,model255,model788,100,100,3,relu,0.1,8,20,0.8279827354704602,113.74139198802064,7.103298434919397,10.664960946389847,0.953,0.800819988244001,130.78607731283168,7.544174824475245,11.436174067966597,0.945
model62,model255,model788,100,100,3,relu,0.1,8,22,0.8442737625999177,102.96942611769433,6.860213069813721,10.147385186228732,0.957,0.7943718168160487,135.02009175769305,7.614351459020183,11.619814618043312,0.942
model63,model255,model788,100,100,3,relu,0.1,8,24,0.8274833313574453,114.07160837144129,7.049453807884123,10.680431094831391,0.95,0.8017850047032381,130.15242579261516,7.473113191221827,11.408436605977839,0.942
model64,model255,model788,100,100,3,relu,0.1,8,26,0.8333002300466437,110.22535400986767,7.102535541115688,10.498826315825387,0.955,0.7918532645156586,136.67382986610698,7.731905760968778,11.69075831013998,0.943
model65,model255,model788,100,100,3,relu,0.1,8,28,0.8318307503640117,111.19700453028368,6.980605358714046,10.544999029411224,0.952,0.8018592824637616,130.10365334378955,7.504378517263913,11.406298845102627,0.944
model66,model255,model788,100,100,3,relu,0.1,8,30,0.8359195376816144,108.49341333948648,6.832802402631221,10.416017153379045,0.951,0.7989677997381953,132.0022659603903,7.434969675681349,11.489223905921161,0.94
model67,model255,model788,100,100,3,relu,0.1,8,32,0.8421063305750747,104.40257723900355,6.984244663036633,10.217757936015296,0.956,0.7972958585356039,133.1001001730547,7.635862701279406,11.536901671291764,0.944
model68,model255,model788,100,100,3,relu,0.1,8,34,0.8251339142834846,115.62509179116412,7.085986981113018,10.752910852004872,0.949,0.7981262768770843,132.55482880544432,7.566873633408196,11.513245798012145,0.942
model69,model255,model788,100,100,3,relu,0.1,8,36,0.8424513534249496,104.17444095675434,6.901496923367294,10.206588115367168,0.956,0.8020499670035572,129.97844558451587,7.574219771700542,11.400808988160264,0.944
model70,model255,model788,100,100,3,relu,0.1,8,38,0.8371548998381022,107.67656619526214,6.870542748231874,10.376731961232407,0.953,0.8053287939133023,127.82549406125445,7.481717245430973,11.305993722855787,0.943
model71,model255,model788,100,100,3,relu,0.1,8,40,0.8177658401665572,120.49701559847658,7.179247934274335,10.977113263443927,0.947,0.7961689997201623,133.84002102584358,7.594261913849123,11.568924799904423,0.941
model72,model255,model788,100,100,3,relu,0.1,8,42,0.8447642748864823,102.64508919480654,6.902455868196255,10.131391276365084,0.958,0.7918471290057922,136.67785857993562,7.632131783902007,11.69093061222825,0.943
model73,model255,model788,100,100,3,relu,0.1,8,44,0.8331997891149994,110.29176764229595,6.898084274702449,10.501988747008633,0.95,0.788984348428875,138.5576247199288,7.627621910637497,11.771050281089144,0.937
model74,model255,model788,100,100,3,relu,0.1,8,46,0.838330582866191,106.89918013161763,7.100148526023758,10.339205972008568,0.958,0.8017810138268937,130.1550462918185,7.7582203187684184,11.408551454580836,0.948
model75,model255,model788,100,100,3,relu,0.1,8,48,0.8429004073129762,103.87751718900658,6.876051969560619,10.192032044151283,0.956,0.7960280913208089,133.93254465132878,7.582258359919112,11.572922908726593,0.942
model76,model255,model788,100,100,3,relu,0.1,8,50,0.8287204119175037,113.25362498304605,7.095071399645551,10.642068642094264,0.951,0.7874862571009832,139.54130519320515,7.6881000881892,11.812760269860942,0.939
model77,model255,model788,100,100,3,relu,0.1,8,52,0.8314319749450954,111.46068312883719,6.940996806985003,10.557494169017437,0.95,0.7982173176590847,132.49504937954535,7.547820813507193,11.51064939000165,0.939
model78,model255,model788,100,100,3,relu,0.1,8,54,0.8222368879524915,117.5406658378408,7.510565304145593,10.841617307295106,0.953,0.7837878277874988,141.96977709590774,8.221600860286422,11.915107095444327,0.943
model79,model255,model788,100,100,3,relu,0.1,8,56,0.8204835396508825,118.70001619148272,7.509446070250353,10.894953703044484,0.952,0.7889524830220058,138.57854826305768,8.030485945196936,11.771939018830231,0.944
model80,model255,model788,100,100,3,relu,0.1,8,58,0.8427173065302693,103.99858723366829,6.837234421523946,10.197969760382126,0.955,0.7974177481465548,133.02006471196145,7.506929692429773,11.533432477452731,0.941
model81,model255,model788,100,100,3,relu,0.1,8,60,0.8433446396359197,103.58378154034448,6.833402352466261,10.177611779801019,0.955,0.8064703452434351,127.07592577273455,7.458763215693098,11.272795827687759,0.944
model82,model255,model788,100,100,3,relu,0.1,8,62,0.8451211803149558,102.4090959045186,6.888424394185665,10.119737936553426,0.958,0.7990713591923362,131.93426649269108,7.671878193167204,11.486264253128216,0.945
model83,model255,model788,100,100,3,relu,0.1,8,64,0.8393350710758033,106.23499164153012,6.931119795200473,10.307036026013012,0.954,0.8008041123592826,130.79650177594863,7.622884732575616,11.436629825956098,0.942
model84,model255,model788,100,100,3,relu,0.1,8,66,0.8364819481636,108.12153583483807,7.011796464943146,10.398150596853176,0.954,0.8049712642130253,128.06025610695272,7.54177512616683,11.316371154524436,0.945
model85,model255,model788,100,100,3,relu,0.1,8,68,0.8561986013909265,95.08447476102876,6.615622464844006,9.751126845705,0.959,0.8025491419033896,129.65067611374155,7.540706714118877,11.386425080495702,0.944
model86,model255,model788,100,100,3,relu,0.1,8,70,0.8245329603550362,116.0224550240311,7.1525016039680285,10.771372012145486,0.951,0.7859341250218366,140.5604700396842,7.749574779825326,11.855820091401698,0.939
model87,model255,model788,100,100,3,relu,0.1,8,72,0.8300817163552545,112.35350218378673,6.965351003302318,10.599693494803835,0.95,0.8034562997147251,129.05501588356938,7.473664583385783,11.360238372656156,0.942
model88,model255,model788,100,100,3,relu,0.1,8,74,0.8408578886724161,105.2280729833576,6.8885246698273495,10.258073551274508,0.956,0.7965893227305649,133.56402747985354,7.654546196241852,11.556990416187665,0.943
model89,model255,model788,100,100,3,relu,0.1,8,76,0.8425823420817475,104.0878285332887,6.870296251741783,10.20234426655407,0.954,0.807611165851172,126.32683729298127,7.520187701412687,11.23952122169718,0.944
model90,model255,model788,100,100,3,relu,0.1,8,78,0.8390352432394594,106.4332440411121,6.912412994918436,10.31664887650598,0.956,0.7989579116677699,132.0087586899154,7.537495140550008,11.489506459805634,0.944
model91,model255,model788,100,100,3,relu,0.1,8,80,0.8313026450284684,111.5461987588123,7.042696991462552,10.561543389051256,0.952,0.7852852415764449,140.98654150994793,7.720392787221171,11.873775368851641,0.937
model92,model255,model788,100,100,3,relu,0.1,8,82,0.8224202066411754,117.4194517092162,7.242329062048405,10.836025641775503,0.95,0.7914246273478611,136.9552826749129,7.674293872390828,11.702789525361588,0.941
model93,model255,model788,100,100,3,relu,0.1,8,84,0.8391906451320603,106.33048907851959,6.8774434210090245,10.311667618698714,0.954,0.790761346820039,137.3908075934379,7.655543238761706,11.72138249497208,0.94
model94,model255,model788,100,100,3,relu,0.1,8,86,0.8245890506467636,115.98536695687959,7.094704996088203,10.769650270871361,0.946,0.7867109125697016,140.0504138578662,7.711014058234972,11.834289748770992,0.934
model95,model255,model788,100,100,3,relu,0.1,8,88,0.8413396759878036,104.90950519282669,6.971299610843043,10.242534119680865,0.957,0.7903058219600133,137.6899154659398,7.691911469251323,11.73413462791099,0.942
model96,model255,model788,100,100,3,relu,0.1,8,90,0.8166000425966096,121.26786519165398,7.244157660101986,11.012168959458167,0.945,0.7785481454031822,145.41027044345006,7.809936766225714,12.058618098416172,0.932
model97,model255,model788,100,100,3,relu,0.1,8,92,0.845484302449474,102.16899199893258,6.735404382616836,10.107867826546437,0.957,0.7927624705621132,136.07682471866988,7.58351921134809,11.665197157299566,0.943
model98,model255,model788,100,100,3,relu,0.1,8,94,0.8278212159033251,113.84819208421733,7.093265845641697,10.66996682676274,0.95,0.7722930605870122,149.51749987452422,7.905109905046325,12.227734862783223,0.932
model99,model255,model788,100,100,3,relu,0.1,8,96,0.8441671729496577,103.039905410719,6.758551873025501,10.150857373183754,0.956,0.8001223100646354,131.24418850331483,7.555441441677241,11.456185600072777,0.943
model100,model255,model788,100,100,3,relu,0.1,8,98,0.8359224279786442,108.49150221499364,6.874468374558451,10.415925413279112,0.951,0.7935210067056091,135.5787528196214,7.580597544567648,11.6438289587069,0.938
model101,model111,model732,100,75,5,relu,0.1,20,0,0.8316261409207155,112.20397546510748,7.302449117481083,10.592637795426947,0.954,0.7915951948592819,132.4530570994999,7.783625989115428,11.508825183288687,0.942
model102,model111,model732,100,75,5,relu,0.1,20,2,0.8389038126389108,107.35415077511819,6.943876828164235,10.361184815218682,0.953,0.7969316281579967,129.06145149834748,7.4299096244544325,11.360521620874081,0.939
model103,model111,model732,100,75,5,relu,0.1,20,4,0.836568254501761,108.91056166544942,6.9555727833248255,10.436022310509374,0.952,0.7950479287078838,130.258649186067,7.428913942126226,11.41309113194436,0.939
model104,model111,model732,100,75,5,relu,0.1,20,6,0.8278197432406608,114.7405506451192,7.26615417523413,10.71170157561903,0.954,0.7884224054355022,134.46954447573304,7.6815038434819,11.59610039951936,0.942
model105,model111,model732,100,75,5,relu,0.1,20,8,0.8436999967717158,104.15798404409385,6.830543149448636,10.20578189283378,0.956,0.7948415380008199,130.38982216976606,7.441077227673082,11.418836287895806,0.941
model106,model111,model732,100,75,5,relu,0.1,20,10,0.8369217415219595,108.67499867985009,7.153456271657833,10.42473014901825,0.956,0.7918078331042582,132.3179134516154,7.697880693601058,11.502952379785608,0.942
model107,model111,model732,100,75,5,relu,0.1,20,12,0.8167856853310818,122.09362296725439,7.464323282470585,11.049598317009284,0.953,0.7813470071814692,138.9663607958287,7.810927177778352,11.788399416198482,0.943
model108,model111,model732,100,75,5,relu,0.1,20,14,0.8354054571471736,109.68544730719009,7.152879109256414,10.473082034778018,0.955,0.7908089181888106,132.95278045597252,7.59958296583384,11.53051518606053,0.942
model109,model111,model732,100,75,5,relu,0.1,20,16,0.844502618348122,103.62311876180296,6.728961412129963,10.179544133300025,0.955,0.7937033654688636,131.1131952765546,7.449264774561752,11.450467033119418,0.939
model110,model111,model732,100,75,5,relu,0.1,20,18,0.8251767519482867,116.50183432505433,7.074189049042316,10.793601545594239,0.949,0.7877495502068844,134.89718208205227,7.476967612698043,11.614524617135746,0.936
model111,model111,model732,100,75,5,relu,0.1,20,20,0.8040286463295364,130.59488616193354,7.44772931326263,11.427811958635544,0.942,0.7832460346433824,137.75942128847677,7.670148797505901,11.73709594782614,0.935
model112,model111,model732,100,75,5,relu,0.1,20,22,0.8309384421747427,112.66225642179793,7.3831934063859475,10.614247802920277,0.955,0.7703250518173772,145.97143768070416,8.035409220206784,12.081863998601547,0.938
model113,model111,model732,100,75,5,relu,0.1,20,24,0.8277341636969269,114.79758066793833,7.093840938234807,10.714363288032487,0.948,0.7800546256793046,139.7877424371251,7.6861826324150835,11.823186644772427,0.932
model114,model111,model732,100,75,5,relu,0.1,20,26,0.8396252519723572,106.87338516392278,7.038965684866994,10.337958462091187,0.957,0.7901869679428399,133.3480650627117,7.602640033008357,11.547643268767516,0.942
model115,model111,model732,100,75,5,relu,0.1,20,28,0.8281989197386537,114.48786824708905,7.24424947979062,10.699900384914294,0.953,0.7847503090428456,136.8033697099593,7.745830250604654,11.696297264944976,0.941
model116,model111,model732,100,75,5,relu,0.1,20,30,0.8305503768376281,112.92086232299044,7.123203388433426,10.626422837577584,0.953,0.7872890541503992,135.18985340708508,7.596869303653552,11.627117158052767,0.94
model117,model111,model732,100,75,5,relu,0.1,20,32,0.8244387282073414,116.99365174953167,7.169653338551548,10.816360374429639,0.948,0.7821853365637104,138.4335549929145,7.6357626924946445,11.765778979435,0.934
model118,model111,model732,100,75,5,relu,0.1,20,34,0.8324548812258249,111.65170471850863,7.08445891452814,10.566537025842885,0.955,0.7945810531184844,130.5553750655846,7.482862136035892,11.426083102515253,0.944
model119,model111,model732,100,75,5,relu,0.1,20,36,0.8193201249965318,120.40467785668325,7.584326913329497,10.972906536405167,0.954,0.7716598946602624,145.12306945249483,8.03055201755136,12.046703675798407,0.941
model120,model111,model732,100,75,5,relu,0.1,20,38,0.8259809171294012,115.96594038792486,7.0646545018662605,10.76874832039104,0.948,0.7953573113210967,130.06201901285286,7.405149445345653,11.404473640324348,0.938
model121,model111,model732,100,75,5,relu,0.1,20,40,0.8290757439007168,113.90355452223095,7.03633412788411,10.672560823074795,0.949,0.7820140669254104,138.54240654826052,7.561188527197214,11.770403839642059,0.934
model122,model111,model732,100,75,5,relu,0.1,20,42,0.8308404968339668,112.7275269850162,7.099263529473388,10.617322025116136,0.954,0.7953846218629643,130.04466161670754,7.531735048153643,11.403712624260029,0.942
model123,model111,model732,100,75,5,relu,0.1,20,44,0.8129942074410329,124.62025563148059,7.250112927755572,11.163344285270458,0.943,0.789834215979599,133.5722589141805,7.477302968108075,11.557346534312298,0.935
model124,model111,model732,100,75,5,relu,0.1,20,46,0.8254278431557545,116.33450768755672,7.414377726363772,10.785847564635647,0.955,0.7900721775104583,133.42102088388123,7.8111973247136275,11.55080174203857,0.944
model125,model111,model732,100,75,5,relu,0.1,20,48,0.8401815095766262,106.50269629973104,7.0031632459812405,10.32001435559714,0.955,0.7917027100535778,132.38472510418177,7.532455873908919,11.505856122174558,0.94
model126,model111,model732,100,75,5,relu,0.1,20,50,0.8263065056796569,115.7489688823457,7.066063958709166,10.758669475467014,0.949,0.7871940307075378,135.25024618687058,7.506586376261957,11.629713934008462,0.937
model127,model111,model732,100,75,5,relu,0.1,20,52,0.8393260628397416,107.0727641546936,7.075283032486863,10.347597023207543,0.956,0.7905831943172836,133.0962407606612,7.625825008807713,11.536734406263378,0.943
model128,model111,model732,100,75,5,relu,0.1,20,54,0.8162245439751803,122.46756635296946,7.199561773151505,11.06650651077247,0.944,0.7730746855020574,144.22388974295984,7.623284338942615,12.009325116048771,0.928
model129,model111,model732,100,75,5,relu,0.1,20,56,0.8208841482253062,119.36241616031373,7.131082816082916,10.925310803831337,0.947,0.7924394253256778,131.91650082338538,7.4606312231886625,11.48549088299605,0.937
model130,model111,model732,100,75,5,relu,0.1,20,58,0.8359797870184191,109.30271512337904,6.875675878555793,10.454793882395723,0.951,0.8022317342179643,125.69293391488634,7.36714177481501,11.211286006292335,0.941
model131,model111,model732,100,75,5,relu,0.1,20,60,0.839301871214062,107.08888540171534,6.880409938798472,10.348375978950289,0.953,0.7914260835720008,132.5605369005308,7.392900264662322,11.513493687866024,0.938
model132,model111,model732,100,75,5,relu,0.1,20,62,0.8357366159415531,109.46476380297636,6.9258473505013125,10.462540982140828,0.952,0.7992980503629363,127.55745615994456,7.454052829414773,11.294133705598874,0.94
model133,model111,model732,100,75,5,relu,0.1,20,64,0.8376886450778952,108.16393580913572,7.012080644365952,10.40018921987171,0.954,0.7983460346773912,128.1625160474649,7.491761123457512,11.320888483129975,0.943
model134,model111,model732,100,75,5,relu,0.1,20,66,0.8417519913489573,105.45613064390642,6.916102809545739,10.269183543198865,0.954,0.8003990725957794,126.8576941723258,7.46060800094341,11.263112099785111,0.941
model135,model111,model732,100,75,5,relu,0.1,20,68,0.8375601341484344,108.24957521453435,7.001575711049151,10.40430560943566,0.956,0.7873701581067645,135.1383072493264,7.521230798720273,11.624900311371551,0.942
model136,model111,model732,100,75,5,relu,0.1,20,70,0.8292252358235339,113.80393342824573,7.183784086261312,10.66789264232846,0.953,0.7903358124152067,133.25346597041136,7.568375203303046,11.543546507482498,0.941
model137,model111,model732,100,75,5,relu,0.1,20,72,0.8347969604640648,110.0909481805174,7.101561908033985,10.492423370247572,0.954,0.7944000094400098,130.67043857703436,7.488908763194469,11.431117118507462,0.942
model138,model111,model732,100,75,5,relu,0.1,20,74,0.8298660131254807,113.376920820354,7.0552851144030155,10.647859917389692,0.95,0.7915421090033523,132.4867961675692,7.427426746280339,11.510290881101536,0.937
model139,model111,model732,100,75,5,relu,0.1,20,76,0.83482707823005,110.07087776641545,7.009396679883827,10.491466902507744,0.953,0.7907020867838582,133.020677864435,7.518502331676321,11.53345905894823,0.939
model140,model111,model732,100,75,5,relu,0.1,20,78,0.833108042267323,111.21643961336838,7.025214736730171,10.545920519962607,0.951,0.7936910017273101,131.1210531345576,7.527387539333613,11.450810151886966,0.94
model141,model111,model732,100,75,5,relu,0.1,20,80,0.8221511529857287,118.51808692874529,7.19377541929617,10.886601256992252,0.949,0.7838037237311951,137.40497828730918,7.600405371828396,11.721986959867733,0.937
model142,model111,model732,100,75,5,relu,0.1,20,82,0.8255720097811101,116.23843536028012,7.38585861011393,10.781393015760075,0.952,0.7917109734170218,132.37947326870068,7.7057878683888035,11.505627895456236,0.942
model143,model111,model732,100,75,5,relu,0.1,20,84,0.8271766689782487,115.16909394249615,7.239593918349545,10.731686444473494,0.952,0.7917818267069399,132.33444199003668,7.583549846319085,11.50367080500988,0.941
model144,model111,model732,100,75,5,relu,0.1,20,86,0.833112285734977,111.21361177570321,7.182961678367676,10.54578644652466,0.954,0.800003763075152,127.1089357618481,7.557115853945357,11.274259876455222,0.943
model145,model111,model732,100,75,5,relu,0.1,20,88,0.8195127638753011,120.27630372458664,7.1730687139651375,10.967055380756799,0.946,0.7962492049988027,129.4951700664472,7.379353718668347,11.379594459665388,0.938
model146,model111,model732,100,75,5,relu,0.1,20,90,0.8394150501622515,107.0134631954699,6.900374661817933,10.34473118043528,0.954,0.7905505982661187,133.11695739732053,7.561094527087674,11.537632226645142,0.939
model147,model111,model732,100,75,5,relu,0.1,20,92,0.8384238192504693,107.6740173308568,6.982049929235987,10.376609144169246,0.954,0.7893817417454365,133.85983191679492,7.5449966452195865,11.569780979638072,0.939
model148,model111,model732,100,75,5,relu,0.1,20,94,0.8406032599543065,106.22164276037273,6.866814365835043,10.30638844408519,0.957,0.7767094552927157,141.913787678372,7.635447997904717,11.91275734993255,0.938
model149,model111,model732,100,75,5,relu,0.1,20,96,0.8227263028957051,118.13480827289786,7.42512071553706,10.868983773697423,0.951,0.7934802172288395,131.25501862154698,7.771187504981783,11.45665826589704,0.942
model150,model111,model732,100,75,5,relu,0.1,20,98,0.8342893579672146,110.42921338637566,6.997698754922654,10.508530505564309,0.952,0.796117931766066,129.5786016407795,7.437178394773228,11.383259710679516,0.94
model151,model149,model732,100,75,5,relu,0.1,96,0,0.8265079551928746,113.59321511910153,7.253458161182557,10.658011780773256,0.954,0.7855660295689046,146.36191874975864,8.013078333714772,12.098013008331518,0.942
model152,model149,model732,100,75,5,relu,0.1,96,2,0.8285234206482684,112.27359725826999,6.979406983962933,10.59592361515833,0.952,0.8010836840414688,135.77034280433222,7.668944444268037,11.652053158320735,0.944
model153,model149,model732,100,75,5,relu,0.1,96,4,0.8290928297061506,111.90077897905331,7.165735912600305,10.578316452964211,0.954,0.8026829569236114,134.67875900739804,7.746596447390397,11.605117793775213,0.945
model154,model149,model732,100,75,5,relu,0.1,96,6,0.8319615288608453,110.02250980219574,7.0503350512065905,10.48916153952239,0.954,0.8043134003897718,133.56589972656445,7.657661273424417,11.557071416520902,0.945
model155,model149,model732,100,75,5,relu,0.1,96,8,0.8278633768679228,112.70575825569314,7.0022588844972,10.616296824019813,0.951,0.799970173167748,136.53036971470863,7.649141409578724,11.684621077070005,0.942
model156,model149,model732,100,75,5,relu,0.1,96,10,0.8226602607129669,116.11247752824902,7.196909271725241,10.775549987274387,0.949,0.8060170993263269,132.40303992023416,7.664873763087706,11.506651985709578,0.944
model157,model149,model732,100,75,5,relu,0.1,96,12,0.8314691586377037,110.34488721574084,6.867684410886397,10.504517467058676,0.95,0.803926640697706,133.82988257644598,7.5260855350952065,11.568486615648824,0.941
model158,model149,model732,100,75,5,relu,0.1,96,14,0.8374425417724629,106.43383875141573,7.015972209509993,10.31667769930881,0.955,0.8074440957614609,131.42904342203292,7.663326641867061,11.464250669888239,0.945
model159,model149,model732,100,75,5,relu,0.1,96,16,0.8332435113004045,109.18313698139775,6.87293543995824,10.449073498707804,0.95,0.7947129566531851,140.1186831466124,7.651308206420577,11.83717378205678,0.938
model160,model149,model732,100,75,5,relu,0.1,96,18,0.8420170685957323,103.43868580315561,6.854462319809031,10.17048109988685,0.957,0.8012602964879955,135.6497959688809,7.71529278377255,11.646879237327092,0.944
model161,model149,model732,100,75,5,relu,0.1,96,20,0.8134772339474081,122.12502718713546,7.51009419663997,11.0510192827239,0.95,0.7869419035407973,145.42281589175894,7.994886242480435,12.059138273183493,0.943
model162,model149,model732,100,75,5,relu,0.1,96,22,0.8279214859614044,112.66771156160078,7.0749373586828295,10.614504772319846,0.954,0.7991393935971404,137.09741835801728,7.803974873572779,11.708860677197302,0.945
model163,model149,model732,100,75,5,relu,0.1,96,24,0.8280868454569537,112.55944310023824,7.125112848613347,10.609403522358749,0.952,0.8036878065252846,133.99289885445617,7.6557314796496305,11.57553017595549,0.944
model164,model149,model732,100,75,5,relu,0.1,96,26,0.8347554959282047,108.19317115746946,6.8451334268577915,10.401594644931587,0.954,0.8068882690014004,131.80842300881844,7.571789305715902,11.480784947416202,0.945
model165,model149,model732,100,75,5,relu,0.1,96,28,0.8222794030626355,116.36184253545701,7.044952048201618,10.787114652929995,0.946,0.7991001367064983,137.12421315096447,7.5909658567854725,11.71000483138092,0.939
model166,model149,model732,100,75,5,relu,0.1,96,30,0.8128162245762438,122.55782040124438,7.334082493563292,11.070583561910563,0.947,0.8006931668413639,136.03689034154021,7.731848085684639,11.663485342792702,0.943
model167,model149,model732,100,75,5,relu,0.1,96,32,0.8363475241312337,107.15079712617957,6.951596550102479,10.351366920662196,0.952,0.8014223397514884,135.53919333014036,7.673283263972576,11.642130102783613,0.941
model168,model149,model732,100,75,5,relu,0.1,96,34,0.8365571710203777,107.01353167286112,6.823420145900434,10.34473449020617,0.954,0.799579269068351,136.79718133005056,7.6340931066073745,11.69603271755216,0.942
model169,model149,model732,100,75,5,relu,0.1,96,36,0.8048040254284691,127.80377540962574,7.801265458270765,11.3050331892315,0.947,0.7884799936772673,144.37299238137368,8.260843358090998,12.015531298339399,0.942
model170,model149,model732,100,75,5,relu,0.1,96,38,0.8320493410269463,109.96501514135943,7.015859858033808,10.486420511373717,0.953,0.8051711810078392,132.98042151677194,7.607925257045689,11.531713728530203,0.945
model171,model149,model732,100,75,5,relu,0.1,96,40,0.8172016664671725,119.6864700481928,7.501933283656228,10.9401311714345,0.952,0.7912799078702654,142.4619107892266,8.07339498483491,11.935740898210994,0.944
model172,model149,model732,100,75,5,relu,0.1,96,42,0.8334699396860636,109.03488391106339,7.130620220200103,10.441977011613432,0.954,0.8055574113638573,132.71679996523994,7.8027658127412165,11.520277772920233,0.946
model173,model149,model732,100,75,5,relu,0.1,96,44,0.8257797071475498,114.0700325833525,7.065298093311462,10.680357324703724,0.948,0.8082999876427268,130.84485436965207,7.486940357684656,11.438743566041337,0.943
model174,model149,model732,100,75,5,relu,0.1,96,46,0.833538005581756,108.99031804096688,6.981600581896206,10.439842816870707,0.951,0.8051104700795334,133.0218597643502,7.665750290909327,11.533510296711501,0.942
model175,model149,model732,100,75,5,relu,0.1,96,48,0.8310765829725407,110.60192454579794,6.956065397586259,10.516744959625004,0.95,0.800552759009505,136.13272571518485,7.558085244939319,11.667592970068199,0.94
model176,model149,model732,100,75,5,relu,0.1,96,50,0.8189879187479593,118.51692858700378,7.170767423300875,10.886548056523877,0.946,0.7978565045163737,137.9730543732748,7.648342993496506,11.746193186444483,0.939
model177,model149,model732,100,75,5,relu,0.1,96,52,0.8410648911211588,104.06212015613148,6.816111567141798,10.201084263750177,0.955,0.8037759874812628,133.9327109379231,7.6039523671172216,11.572930093019792,0.944
model178,model149,model732,100,75,5,relu,0.1,96,54,0.8101456209791035,124.30638731245386,7.386166749750512,11.14927743454498,0.947,0.7811916231637623,149.3476700911189,8.00502253470172,12.220788439831487,0.938
model179,model149,model732,100,75,5,relu,0.1,96,56,0.8181865740958647,119.04160575909611,7.364357252634932,10.910618944821422,0.948,0.7974541891386174,138.24765475731172,7.867980548714402,11.757876286018309,0.942
model180,model149,model732,100,75,5,relu,0.1,96,58,0.8337700768923729,108.83837028832386,7.061344132771143,10.432562977922725,0.953,0.8053972276854067,132.82613334410382,7.6989312378499015,11.525022053953034,0.945
model181,model149,model732,100,75,5,relu,0.1,96,60,0.8154113309888151,120.85868496648781,7.087598975558619,10.993574712826025,0.944,0.7970895822546495,138.49651720676238,7.720138422965657,11.768454325303829,0.938
model182,model149,model732,100,75,5,relu,0.1,96,62,0.8312264026190852,110.5038307377624,7.012987615612286,10.512080228849207,0.951,0.8006986504466531,136.0331475064373,7.7598694783092705,11.663324890717796,0.941
model183,model149,model732,100,75,5,relu,0.1,96,64,0.820105117237133,117.78544739169871,7.0739810858789225,10.85290041379256,0.946,0.7965594704273871,138.85834506469965,7.700037905476869,11.783817083810307,0.938
model184,model149,model732,100,75,5,relu,0.1,96,66,0.8345415833466403,108.33322955565913,6.8673100235194005,10.408325012011257,0.952,0.8038435556597845,133.88659227381874,7.606524535848149,11.57093739823264,0.942
model185,model149,model732,100,75,5,relu,0.1,96,68,0.8257161128101881,114.11167071870513,6.965621738992874,10.682306432540921,0.947,0.8041274669029082,133.69280863862946,7.53307439302709,11.562560643673592,0.94
model186,model149,model732,100,75,5,relu,0.1,96,70,0.8246535145194459,114.80740265476972,7.0735346107913735,10.714821634295632,0.948,0.7992170521200767,137.04441252875725,7.663576773352416,11.706596966187794,0.94
model187,model149,model732,100,75,5,relu,0.1,96,72,0.8430270882388013,102.77737952414313,6.8263589538081755,10.137917908729737,0.957,0.8084446880417095,130.74608910407218,7.640474382555501,11.434425613211719,0.946
model188,model149,model732,100,75,5,relu,0.1,96,74,0.8171056913704873,119.74930935483637,7.105303889673569,10.943002757691161,0.945,0.8042960584023182,133.5777365010902,7.558180648397692,11.557583506126624,0.941
model189,model149,model732,100,75,5,relu,0.1,96,76,0.8358277673610339,107.49110577072021,6.884108593032875,10.367791749968756,0.952,0.8005766389766965,136.11642644221607,7.659160270337256,11.666894464347232,0.941
model190,model149,model732,100,75,5,relu,0.1,96,78,0.8224207908879841,116.26926942826985,7.126388182439095,10.782822887735374,0.948,0.7992938514377068,136.99199315012785,7.703764193829048,11.70435787004686,0.942
model191,model149,model732,100,75,5,relu,0.1,96,80,0.82480292661274,114.70957569057762,7.107315355670618,10.71025563142998,0.949,0.8008578198409617,135.92450642727238,7.596796995163657,11.658666580157114,0.941
model192,model149,model732,100,75,5,relu,0.1,96,82,0.8080892321293522,125.65279960033722,7.255448767742102,11.20949595656902,0.942,0.7930686534004664,141.24100242555195,7.723056314586618,11.88448578717447,0.937
model193,model149,model732,100,75,5,relu,0.1,96,84,0.8333173457195858,109.13479419386202,6.959459149457614,10.446759985462576,0.952,0.8056066530632044,132.68319004054163,7.591565778455265,11.518818951634826,0.943
model194,model149,model732,100,75,5,relu,0.1,96,86,0.8353967066803194,107.77334100916147,6.892689691751625,10.381393981983415,0.952,0.8083140279230534,130.83527117551426,7.580035989759965,11.4383246664673,0.944
model195,model149,model732,100,75,5,relu,0.1,96,88,0.8328195257864809,109.46073978297895,6.914551244325259,10.462348674316821,0.953,0.7981893210696301,137.74589041586464,7.64281905306532,11.736519518829448,0.942
model196,model149,model732,100,75,5,relu,0.1,96,90,0.8374081663352214,106.45634593001132,6.8354826183502,10.317768456890827,0.953,0.7981925916798858,137.7436580606481,7.625686309747187,11.736424415495893,0.94
model197,model149,model732,100,75,5,relu,0.1,96,92,0.8340993311944785,108.62279236479682,6.803401201034662,10.422225883408823,0.951,0.7981094571329668,137.80040155038992,7.637491363550702,11.73884157616883,0.939
model198,model149,model732,100,75,5,relu,0.1,96,94,0.83856183867284,105.70098362985655,6.974225375870133,10.281098366899158,0.954,0.7991246071673298,137.10751083652795,7.748494466460199,11.70929164537838,0.941
model199,model149,model732,100,75,5,relu,0.1,96,96,0.8111710969003774,123.63496109775781,7.215085735231239,11.11912591428651,0.941,0.79798905244154,137.88258377939158,7.610813402974418,11.742341494752722,0.937
model200,model149,model732,100,75,5,relu,0.1,96,98,0.8194708956368157,118.20070142111605,7.551138443527842,10.872014598091564,0.953,0.7912959702794674,142.45094739090948,8.150288087404158,11.935281621767853,0.945
