,datetime,record,PM10,Temp,RHumidity,AtmoPressure,Flags
0,2021-06-29 14:00:00,26.0,6.831176470588235,28.501960784313724,41.98039215686274,634.0,2.372549019607843
1,2021-06-29 15:00:00,81.5,2.541333333333333,29.301666666666666,40.666666666666664,634.0,2.1666666666666665
2,2021-06-29 16:00:00,141.5,2.6893333333333334,28.671666666666667,42.18333333333333,633.8,2.1166666666666667
3,2021-06-29 17:00:00,201.5,1.2616666666666667,31.095000000000002,36.65,633.8333333333334,2.1166666666666667
4,2021-06-29 18:00:00,261.5,0.9901666666666666,31.48166666666667,35.35,632.9666666666667,2.2
5,2021-06-29 19:00:00,321.5,1.0838333333333334,30.5,36.0,633.4333333333333,2.1333333333333333
6,2021-06-29 20:00:00,381.5,1.4993333333333334,27.779999999999998,41.63333333333333,634.0,1.9833333333333334
7,2021-06-29 21:00:00,441.5,2.1118333333333332,25.275,47.266666666666666,634.0,1.6166666666666667
8,2021-06-29 22:00:00,501.5,5.161333333333333,23.490000000000002,52.416666666666664,634.0,1.7
9,2021-06-29 23:00:00,561.5,5.745833333333334,21.961666666666666,56.266666666666666,634.3,2.033333333333333
10,2021-06-30 00:00:00,621.5,5.726166666666667,20.65,60.06666666666667,635.2,2.033333333333333
11,2021-06-30 01:00:00,681.5,3.2756666666666665,19.973333333333336,61.81666666666667,634.1,2.1166666666666667
12,2021-06-30 02:00:00,741.5,0.7535000000000001,19.755,62.0,634.0,2.0
13,2021-06-30 03:00:00,801.5,0.6869999999999999,20.148333333333333,61.7,634.0,2.1
14,2021-06-30 04:00:00,861.5,1.5888333333333333,20.598333333333336,60.7,634.0,2.1333333333333333
15,2021-06-30 05:00:00,921.5,1.6786666666666668,21.046666666666667,60.0,634.0,2.1166666666666667
16,2021-06-30 06:00:00,981.5,4.1771666666666665,21.251666666666665,60.266666666666666,634.0,2.3666666666666667
17,2021-06-30 07:00:00,1041.5,4.184833333333334,21.068333333333335,61.0,634.0666666666667,2.7
18,2021-06-30 08:00:00,1101.5,6.958833333333334,21.313333333333333,59.61666666666667,635.4333333333333,2.966666666666667
19,2021-06-30 09:00:00,1161.5,1.1326666666666665,23.0,53.083333333333336,636.0,2.7666666666666666
20,2021-06-30 10:00:00,1221.5,2.3093333333333335,26.153333333333332,46.1,636.0,2.066666666666667
21,2021-06-30 11:00:00,1281.5,2.2376666666666667,28.915000000000003,39.016666666666666,636.0,2.1
22,2021-06-30 12:00:00,1341.5,2.3491666666666666,30.005,36.916666666666664,636.0,2.2666666666666666
23,2021-06-30 13:00:00,1401.5,1.4233333333333333,31.646666666666665,33.05,636.0,2.066666666666667
24,2021-06-30 14:00:00,1461.5,1.6061666666666667,32.876666666666665,30.25,634.5333333333333,2.05
25,2021-06-30 15:00:00,1521.5,1.2908333333333333,34.30833333333333,28.683333333333334,634.0,2.25
26,2021-06-30 16:00:00,1581.5,2.2995,35.31666666666667,27.983333333333334,634.0,2.4166666666666665
27,2021-06-30 17:00:00,1641.5,1.4458333333333333,35.644999999999996,27.416666666666668,633.9666666666667,2.1333333333333333
28,2021-06-30 18:00:00,1701.5,1.5348333333333335,34.85333333333333,28.116666666666667,633.4,1.9666666666666666
29,2021-06-30 19:00:00,1761.5,1.0494999999999999,33.681666666666665,28.65,633.8666666666667,2.1166666666666667
30,2021-06-30 20:00:00,1821.5,2.955,31.125,34.016666666666666,634.0,2.05
31,2021-06-30 21:00:00,1881.5,6.747833333333333,27.601666666666667,46.983333333333334,634.0,2.066666666666667
32,2021-06-30 22:00:00,1941.5,3.417666666666667,24.701666666666664,50.78333333333333,634.0,2.0
33,2021-06-30 23:00:00,2001.5,3.935166666666667,23.745,54.96666666666667,634.0,2.283333333333333
34,2021-07-01 00:00:00,2061.5,9.259833333333335,23.171666666666667,63.63333333333333,634.6666666666666,2.6
35,2021-07-01 01:00:00,2121.5,1.0078333333333334,22.301666666666666,69.95,634.0,1.95
36,2021-07-01 02:00:00,2181.5,0.9646666666666667,23.528333333333332,65.5,634.0,1.75
37,2021-07-01 03:00:00,2241.5,1.4425,24.48166666666667,60.833333333333336,634.0,1.8333333333333333
38,2021-07-01 04:00:00,2301.5,1.0071666666666668,24.688333333333333,60.13333333333333,634.0,1.9166666666666667
39,2021-07-01 05:00:00,2361.5,0.9813333333333334,24.853333333333335,59.5,634.0,1.8
40,2021-07-01 06:00:00,2421.5,1.2503333333333333,24.878333333333334,59.9,634.0,2.1
41,2021-07-01 07:00:00,2481.5,2.6668333333333334,24.973333333333333,60.0,634.0,2.066666666666667
42,2021-07-01 08:00:00,2541.5,2.466666666666667,25.391666666666666,58.96666666666667,634.0666666666667,2.033333333333333
43,2021-07-01 09:00:00,2601.5,5.986833333333333,25.883333333333333,57.95,634.2,2.066666666666667
44,2021-07-01 10:00:00,2661.5,6.301666666666667,25.165000000000003,59.083333333333336,635.5666666666667,2.066666666666667
45,2021-07-01 11:00:00,2721.5,1.6663333333333334,24.565,62.666666666666664,635.1666666666666,2.05
46,2021-07-01 12:00:00,2781.5,9.155166666666666,26.976666666666667,56.1,634.1666666666666,2.216666666666667
47,2021-07-01 13:00:00,2841.5,6.872833333333333,29.048333333333336,48.416666666666664,634.0,2.1333333333333333
48,2021-07-01 14:00:00,2901.5,5.565666666666667,30.2,44.266666666666666,634.0,2.25
49,2021-07-01 15:00:00,2961.5,2.2968333333333333,32.04833333333333,37.88333333333333,634.0,2.1
50,2021-07-01 16:00:00,3021.5,4.3149999999999995,33.473333333333336,34.78333333333333,634.0,2.05
51,2021-07-01 17:00:00,3081.5,1.1093333333333333,29.53166666666667,42.43333333333333,634.0,2.1333333333333333
52,2021-07-01 18:00:00,3141.8474576271187,1.0205084745762711,23.73050847457627,60.08474576271186,634.0,2.288135593220339
53,2021-07-01 19:00:00,3201.5,1.0476666666666667,21.926666666666666,67.53333333333333,634.0,2.1
54,2021-07-01 20:00:00,3261.5,3.1958333333333333,21.986666666666668,66.1,634.0,2.033333333333333
55,2021-07-01 21:00:00,3321.5,2.2575,22.958333333333332,64.28333333333333,634.0,2.1666666666666665
56,2021-07-01 22:00:00,3381.5,3.1028333333333333,24.141666666666666,62.083333333333336,634.0,2.2
57,2021-07-01 23:00:00,3441.5,3.244666666666667,24.81,60.61666666666667,635.2,2.3
58,2021-07-02 00:00:00,3501.5,2.645,25.076666666666668,58.733333333333334,635.9333333333333,2.283333333333333
59,2021-07-02 01:00:00,3561.101694915254,2.772033898305085,24.761016949152545,59.610169491525426,635.457627118644,2.305084745762712
60,2021-07-02 02:00:00,3621.5,1.7776666666666665,24.635,59.166666666666664,634.1,2.3833333333333333
61,2021-07-02 03:00:00,3681.5,1.4188333333333332,24.540000000000003,59.166666666666664,634.0,2.5833333333333335
62,2021-07-02 04:00:00,3741.5,6.307166666666666,24.438333333333333,60.25,634.0,2.6666666666666665
63,2021-07-02 05:00:00,3801.5,12.592666666666668,24.746666666666666,60.55,634.0,2.5
64,2021-07-02 06:00:00,3861.5,15.059500000000002,24.98166666666667,59.78333333333333,634.0,2.316666666666667
65,2021-07-02 07:00:00,3921.5,19.552,25.061666666666667,59.63333333333333,634.0333333333333,2.3666666666666667
66,2021-07-02 08:00:00,3981.5,22.000999999999998,25.32,59.8,635.0333333333333,2.3333333333333335
67,2021-07-02 09:00:00,4041.5,19.690333333333335,25.785,58.6,636.0,2.4166666666666665
68,2021-07-02 10:00:00,4101.5,9.982166666666666,26.834999999999997,54.11666666666667,636.0,2.466666666666667
69,2021-07-02 11:00:00,4161.5,2.903833333333333,26.898333333333333,51.13333333333333,636.0,2.25
70,2021-07-02 12:00:00,4221.5,5.327833333333333,26.316666666666666,51.65,635.7333333333333,2.183333333333333
71,2021-07-02 13:00:00,4281.5,19.705666666666666,25.903333333333332,52.483333333333334,634.3666666666667,2.1166666666666667
72,2021-07-02 14:00:00,4341.5,4.530666666666666,25.975,54.63333333333333,634.0,2.25
73,2021-07-02 15:00:00,4401.5,9.891,24.836666666666666,60.35,634.0,2.283333333333333
74,2021-07-02 16:00:00,4461.5,6.597166666666666,28.803333333333335,47.733333333333334,633.9666666666667,2.3333333333333335
75,2021-07-02 17:00:00,4521.5,6.460166666666667,30.634999999999998,43.93333333333333,633.6333333333333,2.0833333333333335
76,2021-07-02 18:00:00,4581.5,6.386666666666667,24.96333333333333,60.8,632.7,2.3
77,2021-07-02 19:00:00,4641.5,4.796166666666666,23.95,65.76666666666667,633.3666666666667,3.05
78,2021-07-02 20:00:00,4701.5,5.289666666666666,24.868333333333332,61.31666666666667,634.0,3.0166666666666666
79,2021-07-02 21:00:00,4761.5,4.328166666666666,24.298333333333332,61.25,634.0,2.7
80,2021-07-02 22:00:00,4821.5,9.256499999999999,24.339999999999996,61.1,634.5,2.6166666666666667
81,2021-07-02 23:00:00,4881.5,1.0,23.358333333333334,64.01666666666667,636.0,2.6166666666666667
82,2021-07-03 00:00:00,4941.5,1.9585,23.421666666666667,63.38333333333333,636.0,3.0833333333333335
83,2021-07-03 01:00:00,5001.5,8.764833333333334,23.813333333333333,60.516666666666666,636.0,2.2666666666666666
84,2021-07-03 02:00:00,5061.5,1.0,23.803333333333335,60.516666666666666,636.0,2.183333333333333
85,2021-07-03 03:00:00,5121.5,1.5895000000000001,23.746666666666666,59.9,635.9666666666667,2.283333333333333
86,2021-07-03 04:00:00,5181.5,3.2295000000000003,23.976666666666667,60.0,635.9666666666667,2.15
87,2021-07-03 05:00:00,5241.5,10.131499999999999,24.221666666666668,59.18333333333333,635.9,2.15
88,2021-07-03 06:00:00,5301.5,16.069499999999998,24.314999999999998,59.8,636.0,2.716666666666667
89,2021-07-03 07:00:00,5361.5,15.180833333333334,24.603333333333335,59.416666666666664,636.0,2.683333333333333
90,2021-07-03 08:00:00,5421.5,1.1631666666666667,24.313333333333333,60.06666666666667,636.0,2.6666666666666665
91,2021-07-03 09:00:00,5481.5,1.1775,25.029999999999998,59.35,636.0,2.7666666666666666
92,2021-07-03 10:00:00,5541.5,5.3235,25.955,57.9,636.0333333333333,2.3333333333333335
93,2021-07-03 11:00:00,5601.5,1.2506666666666668,26.970000000000002,53.016666666666666,636.2666666666667,2.2666666666666666
94,2021-07-03 12:00:00,5661.5,1.0,26.473333333333336,51.21666666666667,636.0666666666667,2.55
95,2021-07-03 13:00:00,5721.5,1.7021666666666666,27.816666666666666,45.766666666666666,636.0,2.4
96,2021-07-03 14:00:00,5781.5,1.4748333333333334,28.765,42.416666666666664,636.0,2.1
97,2021-07-03 15:00:00,5841.5,1.3991666666666667,30.91,37.166666666666664,636.0,2.0166666666666666
98,2021-07-03 16:00:00,5901.5,1.1246666666666667,31.506666666666668,35.266666666666666,636.0,2.15
99,2021-07-03 17:00:00,5961.5,1.0,32.47,32.483333333333334,635.3333333333334,2.7
100,2021-07-03 18:00:00,6021.5,1.0,32.65166666666667,32.45,634.4,2.1333333333333333
101,2021-07-03 19:00:00,6081.5,1.0,31.003333333333334,36.6,635.4,2.3
102,2021-07-03 20:00:00,6141.5,1.0,27.813333333333333,43.1,635.9,2.0166666666666666
103,2021-07-03 21:00:00,6201.5,18.358166666666666,25.44,49.416666666666664,636.0,1.75
104,2021-07-03 22:00:00,6261.5,1.2526666666666666,23.991666666666667,52.333333333333336,636.0,1.85
105,2021-07-03 23:00:00,6321.5,1.2783333333333333,23.086666666666666,56.25,636.0,2.0833333333333335
106,2021-07-04 00:00:00,6381.5,1.1928333333333332,22.176666666666666,60.2,636.0,2.1666666666666665
107,2021-07-04 01:00:00,6441.5,1.0,21.56,62.95,636.0,2.3
108,2021-07-04 02:00:00,6501.5,1.0023333333333333,21.4,63.63333333333333,636.0,2.066666666666667
109,2021-07-04 03:00:00,6561.5,1.0,21.4,62.0,636.0,2.0833333333333335
110,2021-07-04 04:00:00,6621.5,0.9993333333333333,21.498333333333335,61.56666666666667,636.0,2.0833333333333335
111,2021-07-04 05:00:00,6681.5,1.1833333333333333,21.361666666666668,62.55,636.0,2.1166666666666667
112,2021-07-04 06:00:00,6741.5,2.423666666666667,21.63,62.65,636.0,2.1166666666666667
113,2021-07-04 07:00:00,6801.5,2.472166666666667,22.209999999999997,61.0,636.0,2.1
114,2021-07-04 08:00:00,6861.5,3.3635,22.738333333333333,59.666666666666664,636.0,2.1333333333333333
115,2021-07-04 09:00:00,6921.5,1.2034999999999998,24.45,56.06666666666667,636.5666666666667,2.05
116,2021-07-04 10:00:00,6981.5,0.9838333333333333,27.421666666666667,46.18333333333333,637.5333333333333,2.15
117,2021-07-04 11:00:00,7041.5,1.4423333333333335,28.726666666666667,42.65,637.2,2.6166666666666667
118,2021-07-04 12:00:00,7101.5,2.0185,31.029999999999998,36.35,636.4666666666667,2.283333333333333
119,2021-07-04 13:00:00,7161.220338983051,1.9535593220338985,32.64237288135593,32.28813559322034,636.0677966101695,2.0677966101694913
120,2021-07-04 14:00:00,7221.5,1.1145,34.35666666666667,30.166666666666668,636.0,2.033333333333333
121,2021-07-04 15:00:00,7281.5,4.9115,35.07,28.166666666666668,636.0,1.9666666666666666
122,2021-07-04 16:00:00,7341.5,1.2531666666666665,34.78333333333333,27.733333333333334,636.0,2.05
123,2021-07-04 17:00:00,7401.5,1.4006666666666665,35.934999999999995,26.35,635.1,2.316666666666667
124,2021-07-04 18:00:00,7461.5,1.8538333333333334,35.24333333333333,28.05,634.0,2.3333333333333335
125,2021-07-04 19:00:00,7521.5,1.0,30.763333333333332,38.15,634.8333333333334,2.1
126,2021-07-04 20:00:00,7581.5,1.0,27.290000000000003,45.95,635.9333333333333,1.9333333333333333
127,2021-07-04 21:00:00,7641.5,1.2461666666666666,25.216666666666665,54.53333333333333,636.0,1.9
128,2021-07-04 22:00:00,7701.5,10.289166666666667,23.675,59.13333333333333,636.0,2.5
129,2021-07-04 23:00:00,7761.5,1.2408333333333335,22.634999999999998,62.21666666666667,636.2,2.1
130,2021-07-05 00:00:00,7821.5,1.004,22.404999999999998,63.43333333333333,636.4,2.033333333333333
131,2021-07-05 01:00:00,7881.5,1.0915,22.46833333333333,64.63333333333334,636.0,2.1166666666666667
132,2021-07-05 02:00:00,7941.5,0.9901666666666666,22.725,63.55,636.0,2.0833333333333335
133,2021-07-05 03:00:00,8001.5,1.0,23.166666666666668,63.05,636.0,2.066666666666667
134,2021-07-05 04:00:00,8061.5,2.7606666666666664,23.708333333333332,60.86666666666667,636.0,1.95
135,2021-07-05 05:00:00,8121.5,1.041,23.81833333333333,60.11666666666667,636.0,1.8333333333333333
136,2021-07-05 06:00:00,8181.5,2.1216666666666666,23.261666666666667,60.43333333333333,636.0,2.066666666666667
137,2021-07-05 07:00:00,8241.5,2.3358333333333334,23.148333333333333,61.4,636.0,2.066666666666667
138,2021-07-05 08:00:00,8301.5,1.1195,24.408333333333335,59.25,636.0,2.2666666666666666
139,2021-07-05 09:00:00,8361.5,5.8373333333333335,25.671666666666667,51.95,636.0333333333333,2.2
140,2021-07-05 10:00:00,8421.5,0.9868333333333333,26.251666666666665,50.93333333333333,637.4,2.066666666666667
141,2021-07-05 11:00:00,8481.677966101695,1.029491525423729,27.64406779661017,46.0,637.8644067796611,2.610169491525424
142,2021-07-05 12:00:00,8541.5,1.0865,30.363333333333333,40.25,637.9666666666667,2.533333333333333
143,2021-07-05 13:00:00,8601.5,1.043,32.681666666666665,34.43333333333333,637.2666666666667,2.1
144,2021-07-05 14:00:00,8661.5,2.4538333333333333,33.446666666666665,33.13333333333333,636.2,2.033333333333333
145,2021-07-05 15:00:00,8721.5,1.2688333333333333,34.54833333333333,31.633333333333333,636.0,2.0833333333333335
146,2021-07-05 16:00:00,8781.5,1.1346666666666667,36.233333333333334,28.566666666666666,636.0,2.0
147,2021-07-05 17:00:00,8841.5,1.0,36.22,27.266666666666666,635.7333333333333,2.45
148,2021-07-05 18:00:00,8901.5,1.0625,33.11333333333333,34.35,634.0,2.0
149,2021-07-05 19:00:00,8961.5,1.0,31.115000000000002,37.88333333333333,635.2666666666667,2.066666666666667
150,2021-07-05 20:00:00,9021.5,0.985,29.55666666666667,40.166666666666664,636.0,2.05
151,2021-07-05 21:00:00,9081.5,0.9695,27.68166666666667,48.11666666666667,636.0,2.4166666666666665
152,2021-07-05 22:00:00,9141.5,1.0656666666666665,26.13,55.78333333333333,636.0,2.5833333333333335
153,2021-07-05 23:00:00,9201.5,0.9688333333333333,24.735,60.833333333333336,636.0,2.2
154,2021-07-06 00:00:00,9261.5,1.0,23.89,62.93333333333333,636.1,2.1333333333333333
155,2021-07-06 01:00:00,9321.5,1.0,23.6,63.4,636.0,2.1166666666666667
156,2021-07-06 02:00:00,9381.5,4.098833333333333,23.52,63.0,636.0,2.05
157,2021-07-06 03:00:00,9441.5,1.0,23.535000000000004,63.233333333333334,636.0,1.8666666666666667
158,2021-07-06 04:00:00,9501.5,1.0,23.82,62.31666666666667,636.0,2.1
159,2021-07-06 05:00:00,9561.5,1.0,24.0,61.11666666666667,636.0,1.7833333333333334
160,2021-07-06 06:00:00,9621.5,1.1789999999999998,24.033333333333335,61.083333333333336,636.0,1.9333333333333333
161,2021-07-06 07:00:00,9681.5,1.1516666666666666,24.045,59.46666666666667,636.0,1.9166666666666667
162,2021-07-06 08:00:00,9741.5,1.0428333333333333,24.383333333333333,58.71666666666667,636.0,2.0
163,2021-07-06 09:00:00,9801.5,1.0,25.626666666666665,53.416666666666664,636.0,2.066666666666667
164,2021-07-06 10:00:00,9861.5,1.0,27.346666666666668,46.666666666666664,636.0333333333333,2.4
165,2021-07-06 11:00:00,9921.5,2.079833333333333,28.69333333333333,43.9,636.2333333333333,2.1
166,2021-07-06 12:00:00,9981.5,2.2521666666666667,31.32,38.46666666666667,636.0,2.066666666666667
167,2021-07-06 13:00:00,10041.5,1.0875,33.10333333333333,30.983333333333334,636.0,2.0833333333333335
168,2021-07-06 14:00:00,10101.5,1.0,33.998333333333335,26.216666666666665,636.0,2.1666666666666665
169,2021-07-06 15:00:00,10161.5,1.0,34.54,25.416666666666668,634.7666666666667,2.4166666666666665
170,2021-07-06 16:00:00,10221.5,1.0,35.48833333333334,23.366666666666667,634.0,2.033333333333333
171,2021-07-06 17:00:00,10281.5,1.0,35.68333333333333,24.616666666666667,634.0,2.033333333333333
172,2021-07-06 18:00:00,10341.5,1.0,34.43666666666666,26.033333333333335,634.0,2.033333333333333
173,2021-07-06 19:00:00,10401.5,1.0,32.99166666666667,30.516666666666666,634.0,2.4
174,2021-07-06 20:00:00,10461.5,1.0,30.123333333333335,39.3,634.0,2.05
175,2021-07-06 21:00:00,10521.5,0.9918333333333333,26.848333333333336,45.63333333333333,634.6333333333333,1.8166666666666667
176,2021-07-06 22:00:00,10581.5,1.0,24.696666666666665,52.7,636.0,1.6333333333333333
177,2021-07-06 23:00:00,10641.5,1.0,23.558333333333334,58.46666666666667,636.0,2.2333333333333334
178,2021-07-07 00:00:00,10701.5,1.0,22.811666666666667,60.6,636.0,2.2333333333333334
179,2021-07-07 01:00:00,10761.033898305084,1.0,22.598305084745764,59.49152542372882,636.0,2.2542372881355934
180,2021-07-07 02:00:00,10821.5,1.0991666666666666,22.378333333333334,61.583333333333336,635.1333333333333,2.8
181,2021-07-07 03:00:00,10881.5,1.0,21.983333333333334,64.46666666666667,634.1,2.3666666666666667
182,2021-07-07 04:00:00,10941.5,1.0,22.395,62.15,634.0,2.4
183,2021-07-07 05:00:00,11001.5,0.9846666666666667,22.696666666666665,61.583333333333336,634.0,2.3
184,2021-07-07 06:00:00,11061.5,1.0963333333333334,22.75,60.75,634.0,2.6333333333333333
185,2021-07-07 07:00:00,11121.5,1.2191666666666667,22.85666666666667,60.86666666666667,634.4666666666667,2.2333333333333334
186,2021-07-07 08:00:00,11181.5,2.935166666666667,23.345000000000002,59.083333333333336,635.9333333333333,2.283333333333333
187,2021-07-07 09:00:00,11241.5,1.1325,23.709999999999997,56.416666666666664,636.0,2.7333333333333334
188,2021-07-07 10:00:00,11301.5,1.0031666666666665,24.226666666666667,53.71666666666667,636.0,2.566666666666667
189,2021-07-07 11:00:00,11361.5,1.0023333333333333,25.5,48.65,636.0,2.05
190,2021-07-07 12:00:00,11421.5,4.311833333333333,28.11,41.43333333333333,636.0,2.0833333333333335
191,2021-07-07 13:00:00,11481.5,1.0046666666666666,30.993333333333332,34.916666666666664,635.9333333333333,2.1
192,2021-07-07 14:00:00,11541.5,1.0,33.79833333333333,30.533333333333335,634.2,2.566666666666667
193,2021-07-07 15:00:00,11601.5,1.005,34.985,26.383333333333333,634.0,2.3333333333333335
194,2021-07-07 16:00:00,11661.5,1.4669999999999999,33.391666666666666,27.85,634.0,2.5
195,2021-07-07 17:00:00,11721.5,1.0,32.015,32.81666666666667,633.8666666666667,2.45
196,2021-07-07 18:00:00,11781.5,1.0,32.053333333333335,33.11666666666667,632.6333333333333,2.05
197,2021-07-07 19:00:00,11841.5,1.0,30.245,35.18333333333333,633.9,2.05
198,2021-07-07 20:00:00,11901.5,0.9973333333333334,28.128333333333334,39.7,634.0,2.1166666666666667
199,2021-07-07 21:00:00,11961.5,1.7426666666666668,26.586666666666666,45.5,634.0,1.9833333333333334
200,2021-07-07 22:00:00,12021.5,0.9961666666666668,25.241666666666667,52.4,634.0,1.8
201,2021-07-07 23:00:00,12081.5,0.9988333333333334,24.165000000000003,55.56666666666667,634.1666666666666,1.8
202,2021-07-08 00:00:00,12141.5,0.9905,23.296666666666667,59.11666666666667,634.2666666666667,2.1333333333333333
203,2021-07-08 01:00:00,12201.5,1.0,22.596666666666668,61.68333333333333,634.0,2.2
204,2021-07-08 02:00:00,12261.5,1.0,22.251666666666665,62.61666666666667,634.0,2.5833333333333335
205,2021-07-08 03:00:00,12321.186440677966,1.0,22.26779661016949,63.101694915254235,634.0,2.6440677966101696
206,2021-07-08 04:00:00,12381.5,1.0,22.493333333333332,62.55,634.0,2.783333333333333
207,2021-07-08 05:00:00,12441.5,1.0,22.78666666666667,62.55,634.0,2.933333333333333
208,2021-07-08 06:00:00,12501.5,1.0978333333333334,23.051666666666666,61.61666666666667,634.0,2.7333333333333334
209,2021-07-08 07:00:00,12561.5,1.3891666666666667,23.178333333333335,59.55,634.0,2.066666666666667
210,2021-07-08 08:00:00,12621.5,1.073,23.456666666666667,56.78333333333333,634.0,2.1
211,2021-07-08 09:00:00,12681.5,1.2049999999999998,23.465,54.45,635.3333333333334,2.716666666666667
212,2021-07-08 10:00:00,12741.5,1.0,23.488333333333333,53.4,636.0,2.85
213,2021-07-08 11:00:00,12801.5,1.0108333333333333,24.158333333333335,49.38333333333333,636.0,2.3833333333333333
214,2021-07-08 12:00:00,12861.5,1.0,26.18,43.233333333333334,636.0,2.05
215,2021-07-08 13:00:00,12921.5,1.1248333333333334,29.240000000000002,37.38333333333333,636.0,2.2333333333333334
216,2021-07-08 14:00:00,12981.5,1.0,32.055,32.11666666666667,635.3333333333334,2.05
217,2021-07-08 15:00:00,13041.5,1.0041666666666667,33.585,30.183333333333334,634.0,2.05
218,2021-07-08 16:00:00,13101.5,1.1195,33.82666666666667,30.95,634.0,1.95
219,2021-07-08 17:00:00,13161.5,1.4956666666666665,33.288333333333334,31.566666666666666,634.0,1.95
220,2021-07-08 18:00:00,13221.5,1.0,32.846666666666664,34.1,634.0,1.9833333333333334
221,2021-07-08 19:00:00,13281.5,1.0,29.916666666666668,43.78333333333333,634.0,2.033333333333333
222,2021-07-08 20:00:00,13341.5,1.16,24.779999999999998,59.55,634.0,2.35
223,2021-07-08 21:00:00,13401.5,1.0,21.86,66.35,634.5666666666667,2.35
224,2021-07-08 22:00:00,13461.5,1.0,21.625,69.16666666666667,636.0,2.716666666666667
225,2021-07-08 23:00:00,13521.5,1.0,22.683333333333334,64.41666666666667,636.0,2.35
226,2021-07-09 00:00:00,13581.5,1.0,23.493333333333332,61.583333333333336,636.0,2.183333333333333
227,2021-07-09 01:00:00,13641.5,1.0,23.923333333333336,60.93333333333333,636.0,2.1166666666666667
228,2021-07-09 02:00:00,13701.5,1.0,24.34333333333333,60.083333333333336,636.0,2.3833333333333333
229,2021-07-09 03:00:00,13761.5,1.0,24.5,59.68333333333333,635.9666666666667,1.75
230,2021-07-09 04:00:00,13821.5,1.0,24.486666666666668,59.61666666666667,635.6333333333333,1.6
231,2021-07-09 05:00:00,13881.5,1.0,24.401666666666664,59.56666666666667,635.3666666666667,1.9
232,2021-07-09 06:00:00,13941.5,1.0,24.386666666666663,59.666666666666664,635.8666666666667,1.9833333333333334
233,2021-07-09 07:00:00,14001.5,1.0,24.24833333333333,59.56666666666667,636.0,1.8333333333333333
234,2021-07-09 08:00:00,14061.5,1.0,24.62,60.25,636.0,2.5
235,2021-07-09 09:00:00,14121.5,1.278,25.575,57.983333333333334,636.0,1.9166666666666667
236,2021-07-09 10:00:00,14181.5,3.2998333333333334,26.253333333333334,54.56666666666667,636.3666666666667,1.9666666666666666
237,2021-07-09 11:00:00,14241.5,1.8113333333333332,26.455,52.35,636.6,2.033333333333333
238,2021-07-09 12:00:00,14301.5,0.9931666666666668,26.886666666666667,47.666666666666664,636.0,2.216666666666667
239,2021-07-09 13:00:00,14361.5,2.2323333333333335,29.10666666666667,40.516666666666666,636.0,2.0
240,2021-07-09 14:00:00,14421.5,1.4205,31.051666666666666,37.45,636.0,2.033333333333333
241,2021-07-09 15:00:00,14481.5,1.1928333333333332,31.795,36.333333333333336,636.0,2.0166666666666666
242,2021-07-09 16:00:00,14541.5,1.0,31.154999999999998,37.43333333333333,636.0,2.0833333333333335
243,2021-07-09 17:00:00,14601.5,1.0,29.038333333333334,44.78333333333333,635.5,2.1
244,2021-07-09 18:00:00,14661.5,1.0,26.459999999999997,52.833333333333336,635.7333333333333,2.1166666666666667
245,2021-07-09 19:00:00,14721.5,1.0,27.475,49.45,636.0,2.1666666666666665
246,2021-07-09 20:00:00,14781.5,1.6473333333333333,26.58,50.61666666666667,636.0,2.0833333333333335
247,2021-07-09 21:00:00,14841.5,1.3051666666666668,24.915000000000003,55.63333333333333,636.0,2.1333333333333333
248,2021-07-09 22:00:00,14901.5,1.0,23.396666666666665,59.016666666666666,636.0,2.433333333333333
249,2021-07-09 23:00:00,14961.5,10.498166666666666,22.485,60.2,636.8333333333334,2.716666666666667
250,2021-07-10 00:00:00,15021.5,1.0,21.975,63.3,638.0,2.8333333333333335
251,2021-07-10 01:00:00,15081.5,1.1933333333333331,22.195,64.75,638.0,2.4166666666666665
252,2021-07-10 02:00:00,15141.5,1.5859999999999999,22.868333333333332,63.06666666666667,637.8333333333334,2.566666666666667
253,2021-07-10 03:00:00,15201.5,1.0593333333333335,23.326666666666664,62.6,636.2,2.316666666666667
254,2021-07-10 04:00:00,15261.5,1.0,23.836666666666666,61.3,636.0,2.316666666666667
255,2021-07-10 05:00:00,15321.5,34.94183333333333,24.09,60.78333333333333,636.0,2.3
256,2021-07-10 06:00:00,15381.5,1.0,24.353333333333335,59.96666666666667,636.0666666666667,2.4833333333333334
257,2021-07-10 07:00:00,15441.5,1.5016666666666665,24.348333333333333,60.71666666666667,636.1666666666666,2.6
258,2021-07-10 08:00:00,15501.5,1.0,24.641666666666666,59.166666666666664,637.2666666666667,2.433333333333333
259,2021-07-10 09:00:00,15561.5,1.0,25.683333333333334,55.016666666666666,638.0,2.183333333333333
260,2021-07-10 10:00:00,15621.5,1.9646666666666666,27.265,50.483333333333334,638.0,2.25
261,2021-07-10 11:00:00,15681.5,2.462,28.925,44.983333333333334,638.0,2.05
262,2021-07-10 12:00:00,15741.5,11.614333333333333,28.466666666666665,45.03333333333333,638.0,2.033333333333333
263,2021-07-10 13:00:00,15801.5,9.438166666666666,29.686666666666667,41.9,637.9666666666667,2.0166666666666666
264,2021-07-10 14:00:00,15861.5,5.464166666666667,31.015,39.21666666666667,636.9,2.05
265,2021-07-10 15:00:00,15921.5,1.5268333333333333,31.56833333333333,38.25,636.0,2.05
266,2021-07-10 16:00:00,15981.5,1.2285000000000001,33.68,32.56666666666667,636.0,2.033333333333333
267,2021-07-10 17:00:00,16041.5,1.0686666666666667,34.568333333333335,32.53333333333333,636.0,1.9166666666666667
268,2021-07-10 18:00:00,16101.5,1.0,27.288333333333334,46.333333333333336,636.0,2.0
269,2021-07-10 19:00:00,16161.5,1.1671666666666667,20.598333333333336,67.08333333333333,636.0,2.183333333333333
270,2021-07-10 20:00:00,16221.5,3.7718333333333334,20.798333333333336,69.26666666666667,636.0,2.216666666666667
271,2021-07-10 21:00:00,16281.5,1.1505,22.363333333333333,63.88333333333333,636.1333333333333,2.75
272,2021-07-10 22:00:00,16341.5,1.6121666666666667,23.34,61.7,637.4666666666667,2.2666666666666666
273,2021-07-10 23:00:00,16401.5,1.0198333333333334,23.966666666666665,60.833333333333336,638.0,2.25
274,2021-07-11 00:00:00,16461.5,1.0,24.313333333333333,60.31666666666667,638.0,2.033333333333333
275,2021-07-11 01:00:00,16521.5,1.0,24.471666666666668,59.1,638.0,2.066666666666667
276,2021-07-11 02:00:00,16581.5,1.0,24.021666666666665,59.21666666666667,638.0,2.1166666666666667
277,2021-07-11 03:00:00,16641.5,1.0,23.62,60.13333333333333,637.1666666666666,2.05
278,2021-07-11 04:00:00,16701.5,1.0,23.803333333333335,60.016666666666666,636.0666666666667,1.95
279,2021-07-11 05:00:00,16761.5,1.0,23.9,59.833333333333336,636.0,1.9833333333333334
280,2021-07-11 06:00:00,16821.5,2.9021666666666666,24.055,59.96666666666667,636.0,2.2
281,2021-07-11 07:00:00,16881.5,4.954833333333334,24.416666666666668,59.13333333333333,636.0,1.8666666666666667
282,2021-07-11 08:00:00,16941.5,1.9545,24.62,59.3,636.0,2.033333333333333
283,2021-07-11 09:00:00,17001.5,1.0,25.416666666666668,55.18333333333333,636.1333333333333,1.9666666666666666
284,2021-07-11 10:00:00,17061.5,1.0,27.063333333333333,50.18333333333333,637.1666666666666,2.4833333333333334
285,2021-07-11 11:00:00,17121.5,0.9906666666666666,27.553333333333335,47.9,637.2666666666667,2.7333333333333334
286,2021-07-11 12:00:00,17181.5,11.767666666666665,29.62,43.266666666666666,637.9666666666667,2.3333333333333335
287,2021-07-11 13:00:00,17241.5,12.503666666666668,31.041666666666668,39.65,636.9333333333333,2.05
288,2021-07-11 14:00:00,17301.5,3.9916666666666667,32.03,36.43333333333333,636.0,2.033333333333333
289,2021-07-11 15:00:00,17361.5,7.180666666666666,34.02333333333333,32.416666666666664,636.0,1.9833333333333334
290,2021-07-11 16:00:00,17421.5,1.0,32.94166666666667,34.483333333333334,635.8,2.1666666666666665
291,2021-07-11 17:00:00,17481.5,1.0,29.075,39.68333333333333,634.1,2.05
292,2021-07-11 18:00:00,17541.5,1.0,27.988333333333333,39.06666666666667,634.0,2.0833333333333335
293,2021-07-11 19:00:00,17601.5,1.393,27.676666666666666,44.93333333333333,634.2333333333333,2.1
294,2021-07-11 20:00:00,17661.5,1.0,25.89333333333333,53.56666666666667,634.7333333333333,2.533333333333333
295,2021-07-11 21:00:00,17721.5,1.0856666666666668,24.46833333333333,57.0,635.7333333333333,2.1666666666666665
296,2021-07-11 22:00:00,17781.5,1.0,23.123333333333335,59.5,636.0,2.2333333333333334
297,2021-07-11 23:00:00,17841.5,1.0,20.408333333333335,68.9,637.4666666666667,2.4
298,2021-07-12 00:00:00,17901.5,1.0,20.996666666666666,70.2,637.9333333333333,2.283333333333333
299,2021-07-12 01:00:00,17961.5,1.0,23.081666666666667,62.96666666666667,638.0,2.0833333333333335
300,2021-07-12 02:00:00,18021.5,1.0,23.711666666666666,59.28333333333333,637.4333333333333,2.1333333333333333
301,2021-07-12 03:00:00,18081.5,1.0,23.025,59.083333333333336,636.2666666666667,2.05
302,2021-07-12 04:00:00,18141.5,1.0,22.4,60.0,636.0,2.5
303,2021-07-12 05:00:00,18201.5,1.0,22.07,57.95,636.0,2.05
304,2021-07-12 06:00:00,18261.5,1.0,21.288333333333334,60.35,636.0,2.3333333333333335
305,2021-07-12 07:00:00,18321.5,1.0,21.71333333333333,60.36666666666667,636.0,2.1666666666666665
306,2021-07-12 08:00:00,18381.5,1.0,22.165000000000003,59.56666666666667,636.0,2.05
307,2021-07-12 09:00:00,18441.5,1.0313333333333334,23.116666666666667,58.483333333333334,636.7333333333333,2.05
308,2021-07-12 10:00:00,18501.5,1.0,24.053333333333335,55.71666666666667,637.9333333333333,2.1333333333333333
309,2021-07-12 11:00:00,18561.5,1.0,24.918333333333333,52.35,637.9333333333333,2.35
310,2021-07-12 12:00:00,18621.5,1.2538333333333334,26.773333333333333,45.983333333333334,638.0,2.433333333333333
311,2021-07-12 13:00:00,18681.5,4.6185,28.316666666666666,41.666666666666664,637.5666666666667,2.1
312,2021-07-12 14:00:00,18741.5,9.502833333333333,29.53166666666667,38.6,636.3333333333334,2.033333333333333
313,2021-07-12 15:00:00,18801.5,1.0,31.31833333333333,35.15,636.0,2.1
314,2021-07-12 16:00:00,18861.5,1.7974999999999999,32.961666666666666,32.81666666666667,636.0,2.0833333333333335
315,2021-07-12 17:00:00,18921.5,2.266,32.906666666666666,32.6,636.0,2.0166666666666666
316,2021-07-12 18:00:00,18981.5,0.9946666666666667,30.418333333333333,38.8,635.8,2.0833333333333335
317,2021-07-12 19:00:00,19041.5,1.0,26.525,51.666666666666664,635.4666666666667,2.0166666666666666
318,2021-07-12 20:00:00,19101.5,1.4325,23.373333333333335,61.71666666666667,636.0,2.283333333333333
319,2021-07-12 21:00:00,19161.5,1.7291666666666667,22.645,64.76666666666667,636.0,2.4833333333333334
320,2021-07-12 22:00:00,19221.5,1.0,21.996666666666666,67.81666666666666,636.6333333333333,2.5833333333333335
321,2021-07-12 23:00:00,19281.5,1.2169999999999999,22.751666666666665,66.48333333333333,637.6333333333333,2.3666666666666667
322,2021-07-13 00:00:00,19341.5,1.0,23.958333333333332,61.6,638.0,2.1
323,2021-07-13 01:00:00,19401.5,1.0,24.2,60.03333333333333,638.0,2.0166666666666666
324,2021-07-13 02:00:00,19461.5,1.0,24.043333333333333,59.416666666666664,637.6,2.0
325,2021-07-13 03:00:00,19521.5,1.0,23.77,59.5,636.4666666666667,2.15
326,2021-07-13 04:00:00,19581.5,12.184166666666666,23.685000000000002,59.46666666666667,636.0,2.183333333333333
327,2021-07-13 05:00:00,19641.5,1.0751666666666668,23.716666666666665,59.43333333333333,636.0,2.0166666666666666
328,2021-07-13 06:00:00,19701.5,2.7321666666666666,23.60166666666667,59.96666666666667,636.0,2.1333333333333333
329,2021-07-13 07:00:00,19761.5,1.4843333333333333,23.69833333333333,59.81666666666667,636.5666666666667,2.0833333333333335
330,2021-07-13 08:00:00,19821.5,1.3526666666666667,24.011666666666667,58.7,637.9333333333333,2.1
331,2021-07-13 09:00:00,19881.5,1.1265,24.529999999999998,56.15,638.0,2.1333333333333333
332,2021-07-13 10:00:00,19941.5,3.3605,25.683333333333334,52.016666666666666,638.0,2.1166666666666667
333,2021-07-13 11:00:00,20001.5,1.0,26.793333333333333,48.28333333333333,638.0,2.1166666666666667
334,2021-07-13 12:00:00,20061.5,1.0,27.945,45.266666666666666,638.0,2.033333333333333
335,2021-07-13 13:00:00,20121.5,3.876,29.321666666666665,41.5,638.0,1.9833333333333334
336,2021-07-13 14:00:00,20181.5,2.302,30.598333333333333,38.266666666666666,638.0,2.0833333333333335
337,2021-07-13 15:00:00,20241.5,1.7718333333333334,30.766666666666666,37.3,636.9,2.05
338,2021-07-13 16:00:00,20301.5,5.231666666666667,32.265,33.55,636.0,2.033333333333333
339,2021-07-13 17:00:00,20361.5,1.1931666666666667,32.166666666666664,33.18333333333333,636.0,2.1166666666666667
340,2021-07-13 18:00:00,20421.5,1.0406666666666666,30.92,39.21666666666667,636.0,2.05
341,2021-07-13 19:00:00,20481.5,1.0,23.87,58.71666666666667,637.6333333333333,2.0
342,2021-07-13 20:00:00,20541.5,1.0,20.721666666666668,69.0,638.0,2.5166666666666666
343,2021-07-13 21:00:00,20601.5,1.0,21.08,67.9,638.0,2.466666666666667
344,2021-07-13 22:00:00,20661.5,1.0,22.351666666666667,63.4,638.0,2.1666666666666665
345,2021-07-13 23:00:00,20721.5,1.0,23.14,60.61666666666667,638.0,2.066666666666667
346,2021-07-14 00:00:00,20781.5,1.0,23.395,60.46666666666667,638.2666666666667,2.15
347,2021-07-14 01:00:00,20841.5,1.0,23.715,59.8,638.4333333333333,2.0833333333333335
348,2021-07-14 02:00:00,20901.5,1.2748333333333333,23.671666666666667,59.53333333333333,638.0,2.0833333333333335
349,2021-07-14 03:00:00,20961.5,0.9838333333333333,23.6,59.95,638.0,2.1166666666666667
350,2021-07-14 04:00:00,21021.5,1.0,23.6,59.733333333333334,638.0,2.1166666666666667
351,2021-07-14 05:00:00,21081.5,1.0,23.476666666666667,59.06666666666667,638.0,2.1
352,2021-07-14 06:00:00,21141.5,1.0,23.166666666666668,58.71666666666667,638.0,2.066666666666667
353,2021-07-14 07:00:00,21201.5,1.0,22.275,59.03333333333333,638.0,2.1666666666666665
354,2021-07-14 08:00:00,21261.5,1.0,22.23,60.0,638.0,2.183333333333333
355,2021-07-14 09:00:00,21321.5,1.0,23.673333333333336,56.88333333333333,638.0,2.6666666666666665
356,2021-07-14 10:00:00,21381.5,1.0,25.308333333333334,50.5,638.0,2.6333333333333333
357,2021-07-14 11:00:00,21441.5,1.0,26.240000000000002,46.43333333333333,638.0,2.15
358,2021-07-14 12:00:00,21501.5,4.3116666666666665,27.378333333333334,44.56666666666667,638.0,2.066666666666667
359,2021-07-14 13:00:00,21561.5,1.0528333333333333,29.48,39.833333333333336,638.0,2.0166666666666666
360,2021-07-14 14:00:00,21621.5,1.0,30.881666666666668,35.81666666666667,638.0,2.066666666666667
361,2021-07-14 15:00:00,21681.5,1.0,32.163333333333334,33.25,638.0,2.033333333333333
362,2021-07-14 16:00:00,21741.5,1.052,33.78333333333333,30.883333333333333,637.7,2.05
363,2021-07-14 17:00:00,21801.5,1.0,33.84166666666667,31.75,636.5666666666667,2.033333333333333
364,2021-07-14 18:00:00,21861.5,1.0,30.903333333333332,37.333333333333336,636.0,2.066666666666667
365,2021-07-14 19:00:00,21921.5,1.2613333333333334,28.483333333333334,42.983333333333334,636.0,1.8666666666666667
366,2021-07-14 20:00:00,21981.5,5.839166666666667,26.535,48.13333333333333,636.9,1.9166666666666667
367,2021-07-14 21:00:00,22041.5,3.5786666666666664,24.05666666666667,52.75,637.9666666666667,1.9666666666666666
368,2021-07-14 22:00:00,22101.5,18.45716666666667,22.551666666666666,56.18333333333333,638.0,2.05
369,2021-07-14 23:00:00,22161.5,25.478333333333335,21.735,61.666666666666664,638.0,1.9833333333333334
370,2021-07-15 00:00:00,22221.5,21.334,21.583333333333332,65.01666666666667,638.0,2.1166666666666667
371,2021-07-15 01:00:00,22281.5,2.1895000000000002,22.461666666666666,62.583333333333336,638.0,2.4833333333333334
372,2021-07-15 02:00:00,22341.5,1.7256666666666667,23.243333333333332,61.56666666666667,638.0,2.6666666666666665
373,2021-07-15 03:00:00,22401.5,6.051666666666667,23.475,61.266666666666666,638.0,2.433333333333333
374,2021-07-15 04:00:00,22461.5,2.0275000000000003,23.65,58.666666666666664,638.0,2.5166666666666666
375,2021-07-15 05:00:00,22521.5,1.027,23.261666666666667,59.86666666666667,638.0,2.65
376,2021-07-15 06:00:00,22581.5,1.338,23.158333333333335,60.56666666666667,637.9666666666667,2.8
377,2021-07-15 07:00:00,22641.5,4.9325,22.951666666666664,60.666666666666664,638.0,2.783333333333333
378,2021-07-15 08:00:00,22701.5,14.272833333333333,23.461666666666666,60.78333333333333,638.0,2.683333333333333
379,2021-07-15 09:00:00,22761.5,5.2695,24.386666666666667,56.78333333333333,638.0,2.4166666666666665
380,2021-07-15 10:00:00,22821.5,2.3655,25.111666666666668,55.03333333333333,638.0,2.65
381,2021-07-15 11:00:00,22881.5,2.707666666666667,25.805,51.85,638.0,1.9666666666666666
382,2021-07-15 12:00:00,22941.5,2.8466666666666667,27.233333333333334,48.333333333333336,638.0,1.9833333333333334
383,2021-07-15 13:00:00,23001.5,3.852333333333333,30.215,40.45,638.0,2.066666666666667
384,2021-07-15 14:00:00,23061.5,1.0,31.625,36.916666666666664,638.0,2.033333333333333
385,2021-07-15 15:00:00,23121.5,1.963,32.361666666666665,35.916666666666664,637.3666666666667,2.1
386,2021-07-15 16:00:00,23181.5,5.721666666666667,32.22666666666667,37.166666666666664,636.0,2.066666666666667
387,2021-07-15 17:00:00,23241.5,1.0,31.92166666666667,37.25,636.0,2.1333333333333333
388,2021-07-15 18:00:00,23301.5,1.0,29.575,42.38333333333333,636.0,2.033333333333333
389,2021-07-15 19:00:00,23361.5,2.4819999999999998,26.173333333333336,55.18333333333333,636.0,1.8
390,2021-07-15 20:00:00,23421.5,7.800166666666667,23.936666666666667,62.516666666666666,636.0,2.05
391,2021-07-15 21:00:00,23481.5,37.18066666666667,23.55,67.0,636.0,1.9333333333333333
392,2021-07-15 22:00:00,23541.5,26.133666666666667,24.19,63.85,636.4333333333333,2.316666666666667
393,2021-07-15 23:00:00,23601.5,17.728,24.5,61.233333333333334,636.3,2.7666666666666666
394,2021-07-16 00:00:00,23661.5,4.7535,24.451666666666664,58.15,636.9,2.9833333333333334
395,2021-07-16 01:00:00,23721.5,0.9796666666666667,23.805,57.483333333333334,636.7666666666667,2.75
396,2021-07-16 02:00:00,23781.5,1.5775000000000001,23.08,57.36666666666667,636.0666666666667,2.15
397,2021-07-16 03:00:00,23841.5,2.2468333333333335,22.303333333333335,63.75,636.4333333333333,2.466666666666667
398,2021-07-16 04:00:00,23901.5,1.0,21.401666666666664,64.2,636.0,2.55
399,2021-07-16 05:00:00,23961.5,1.0,22.098333333333336,62.7,636.0,2.6
400,2021-07-16 06:00:00,24021.5,1.0,22.921666666666667,60.63333333333333,636.0333333333333,2.533333333333333
401,2021-07-16 07:00:00,24081.5,1.0,23.408333333333335,59.483333333333334,636.5666666666667,2.0833333333333335
402,2021-07-16 08:00:00,24141.5,1.067,23.660000000000004,59.68333333333333,637.8666666666667,2.1
403,2021-07-16 09:00:00,24201.5,1.2253333333333332,23.936666666666667,59.016666666666666,638.0,2.1166666666666667
404,2021-07-16 10:00:00,24261.5,2.396333333333333,24.355,58.06666666666667,638.0,2.25
405,2021-07-16 11:00:00,24321.5,4.218833333333333,24.133333333333333,58.333333333333336,638.0,2.15
406,2021-07-16 12:00:00,24381.5,1.106,25.178333333333335,55.983333333333334,638.0,2.1333333333333333
407,2021-07-16 13:00:00,24441.5,1.6816666666666669,27.023333333333333,50.18333333333333,638.0,2.5
408,2021-07-16 14:00:00,24501.5,9.016166666666667,27.863333333333333,47.4,637.5666666666667,2.2666666666666666
409,2021-07-16 15:00:00,24561.5,5.086833333333333,29.896666666666665,42.416666666666664,636.0,2.033333333333333
410,2021-07-16 16:00:00,24621.5,1.0,30.075,41.8,636.0,2.0833333333333335
411,2021-07-16 17:00:00,24681.5,1.0,28.015,49.016666666666666,636.0,2.183333333333333
412,2021-07-16 18:00:00,24741.5,1.4469999999999998,23.503333333333334,59.75,636.0,2.35
413,2021-07-16 19:00:00,24801.5,1.0,21.93166666666667,66.73333333333333,636.0,2.6166666666666667
414,2021-07-16 20:00:00,24861.5,1.0418333333333334,21.953333333333333,67.91666666666667,636.0,2.15
415,2021-07-16 21:00:00,24921.5,1.0,22.971666666666668,64.48333333333333,636.0,2.1
416,2021-07-16 22:00:00,24981.5,1.0,23.965,61.85,637.4,2.05
417,2021-07-16 23:00:00,25041.5,2.2093333333333334,24.501666666666665,59.983333333333334,638.0,2.0
418,2021-07-17 00:00:00,25101.5,1.3588333333333333,24.483333333333334,59.2,638.0,2.0166666666666666
419,2021-07-17 01:00:00,25161.5,1.3241666666666667,24.18,58.916666666666664,637.9333333333333,1.8166666666666667
420,2021-07-17 02:00:00,25221.5,1.0,23.56833333333333,60.483333333333334,636.6,2.0833333333333335
421,2021-07-17 03:00:00,25281.5,1.0533333333333335,23.533333333333335,60.016666666666666,636.0,2.066666666666667
422,2021-07-17 04:00:00,25341.71186440678,3.0167796610169493,23.49322033898305,59.76271186440678,636.0,2.169491525423729
423,2021-07-17 05:00:00,25401.5,5.104833333333334,23.358333333333334,59.61666666666667,636.1333333333333,2.05
424,2021-07-17 06:00:00,25461.5,21.742833333333333,23.68,59.583333333333336,636.7,2.1
425,2021-07-17 07:00:00,25521.5,17.733999999999998,24.041666666666668,58.9,637.7333333333333,2.25
426,2021-07-17 08:00:00,25581.5,6.411166666666667,23.736666666666668,58.61666666666667,638.0,2.15
427,2021-07-17 09:00:00,25641.5,17.423333333333336,24.373333333333335,57.516666666666666,638.0,1.9833333333333334
428,2021-07-17 10:00:00,25701.5,3.0540000000000003,26.546666666666667,49.333333333333336,638.0,2.5166666666666666
429,2021-07-17 11:00:00,25761.5,1.1223333333333334,27.17,46.7,638.0,2.15
430,2021-07-17 12:00:00,25821.5,5.974,28.041666666666668,44.85,638.0,2.1166666666666667
431,2021-07-17 13:00:00,25881.5,4.923666666666667,29.846666666666668,40.21666666666667,638.0,2.1333333333333333
432,2021-07-17 14:00:00,25941.5,4.179666666666667,31.42,34.916666666666664,637.9666666666667,2.066666666666667
433,2021-07-17 15:00:00,26001.5,3.516833333333333,32.971666666666664,32.68333333333333,637.7666666666667,2.066666666666667
434,2021-07-17 16:00:00,26061.5,2.9638333333333335,32.861666666666665,32.68333333333333,636.2666666666667,2.066666666666667
435,2021-07-17 17:00:00,26121.5,1.0,33.75833333333333,30.3,636.0,2.0
436,2021-07-17 18:00:00,26181.5,1.0,33.86333333333333,29.9,636.0,2.0166666666666666
437,2021-07-17 19:00:00,26241.5,1.0,32.1,35.4,636.0,2.0833333333333335
438,2021-07-17 20:00:00,26301.5,0.9906666666666666,28.476666666666667,44.05,636.9666666666667,1.9666666666666666
439,2021-07-17 21:00:00,26361.5,1.0,23.735,56.96666666666667,638.0,2.0
440,2021-07-17 22:00:00,26421.5,1.0,20.726666666666667,69.45,638.0,2.1
441,2021-07-17 23:00:00,26481.5,1.0071666666666668,21.34333333333333,67.88333333333334,638.0,2.216666666666667
442,2021-07-18 00:00:00,26541.5,3.9923333333333333,22.834999999999997,63.95,638.0,2.85
443,2021-07-18 01:00:00,26601.5,1.0433333333333334,23.798333333333336,59.96666666666667,638.0,2.216666666666667
444,2021-07-18 02:00:00,26661.5,1.0,23.795,60.28333333333333,638.0,2.0833333333333335
445,2021-07-18 03:00:00,26721.5,0.9786666666666667,23.69333333333333,59.416666666666664,638.0,2.2
446,2021-07-18 04:00:00,26781.5,4.4635,23.038333333333334,59.983333333333334,637.5,2.0833333333333335
447,2021-07-18 05:00:00,26841.5,52.59633333333333,22.823333333333334,60.03333333333333,637.4333333333333,2.1
448,2021-07-18 06:00:00,26901.5,35.043,23.023333333333333,59.9,638.0,2.1
449,2021-07-18 07:00:00,26961.5,9.652999999999999,23.005,59.266666666666666,638.0,2.1
450,2021-07-18 08:00:00,27021.5,19.55483333333333,23.261666666666667,59.016666666666666,638.0,2.2
451,2021-07-18 09:00:00,27081.5,1.4534999999999998,23.94333333333333,54.93333333333333,638.0,2.05
452,2021-07-18 10:00:00,27141.5,1.0,25.501666666666665,49.95,638.0,2.55
453,2021-07-18 11:00:00,27201.5,1.003,26.553333333333335,46.916666666666664,638.0,1.9
454,2021-07-18 12:00:00,27261.5,24.529,27.846666666666668,44.583333333333336,638.0,2.0833333333333335
455,2021-07-18 13:00:00,27321.5,10.2315,29.488333333333333,40.36666666666667,638.0,2.1666666666666665
456,2021-07-18 14:00:00,27381.5,9.332666666666666,31.06833333333333,37.05,638.0,2.033333333333333
457,2021-07-18 15:00:00,27441.5,11.691166666666668,32.59,33.03333333333333,637.7666666666667,2.0166666666666666
458,2021-07-18 16:00:00,27501.5,6.580333333333333,34.45666666666667,29.783333333333335,636.5666666666667,2.0
459,2021-07-18 17:00:00,27561.5,1.442,33.625,29.983333333333334,636.0,2.066666666666667
460,2021-07-18 18:00:00,27621.5,1.0265,33.25666666666667,32.75,636.0,2.066666666666667
461,2021-07-18 19:00:00,27681.5,0.9896666666666667,27.0,50.7,636.0,2.066666666666667
462,2021-07-18 20:00:00,27741.5,1.0,25.065,51.71666666666667,636.0,1.8
463,2021-07-18 21:00:00,27801.5,4.276666666666667,24.053333333333335,57.083333333333336,636.0,1.7666666666666666
464,2021-07-18 22:00:00,27861.5,1.008,23.459999999999997,59.36666666666667,637.2666666666667,2.066666666666667
465,2021-07-18 23:00:00,27921.5,1.0348333333333335,22.698333333333334,61.7,637.9,2.15
466,2021-07-19 00:00:00,27981.5,1.0,22.325,65.1,637.9666666666667,2.6666666666666665
467,2021-07-19 01:00:00,28041.5,1.0711666666666666,22.791666666666668,65.05,638.0,2.4
468,2021-07-19 02:00:00,28101.5,1.0,21.46333333333333,60.61666666666667,638.3333333333334,2.5166666666666666
469,2021-07-19 03:00:00,28161.5,1.0,20.39333333333333,65.4,638.0,2.6666666666666665
470,2021-07-19 04:00:00,28221.5,1.0,21.386666666666667,62.25,638.0,2.0833333333333335
471,2021-07-19 05:00:00,28281.5,1.0,21.89833333333333,59.5,638.0,2.1666666666666665
472,2021-07-19 06:00:00,28341.5,1.0,21.988333333333333,60.85,638.0,2.1
473,2021-07-19 07:00:00,28401.5,1.0,22.573333333333334,59.416666666666664,638.0,2.1
474,2021-07-19 08:00:00,28461.5,1.3963333333333334,23.528333333333332,58.96666666666667,638.0,2.0833333333333335
475,2021-07-19 09:00:00,28521.5,1.0,24.796666666666667,54.06666666666667,638.0,2.1333333333333333
476,2021-07-19 10:00:00,28581.5,1.0,25.583333333333332,50.916666666666664,638.1333333333333,2.4833333333333334
477,2021-07-19 11:00:00,28641.5,2.1693333333333333,26.545,47.5,638.0,2.25
478,2021-07-19 12:00:00,28701.5,2.5468333333333333,27.92,44.06666666666667,638.0,1.95
479,2021-07-19 13:00:00,28761.5,2.3136666666666668,29.571666666666665,40.65,638.0,2.066666666666667
480,2021-07-19 14:00:00,28821.5,2.7378333333333336,31.216666666666665,37.766666666666666,638.0,2.033333333333333
481,2021-07-19 15:00:00,28881.5,1.3763333333333334,32.553333333333335,34.5,638.0,2.0833333333333335
482,2021-07-19 16:00:00,28941.5,1.0,33.763333333333335,31.433333333333334,636.8333333333334,2.05
483,2021-07-19 17:00:00,29001.5,1.559,34.51,30.4,636.0,1.9833333333333334
484,2021-07-19 18:00:00,29061.5,1.0,30.21333333333333,40.68333333333333,636.0,2.1
485,2021-07-19 19:00:00,29121.5,1.0,24.225,56.56666666666667,636.0,1.85
486,2021-07-19 20:00:00,29181.5,1.2708333333333333,22.67,63.666666666666664,636.0,2.4
487,2021-07-19 21:00:00,29241.5,1.4708333333333334,22.215,62.983333333333334,636.0,2.216666666666667
488,2021-07-19 22:00:00,29301.5,5.275666666666667,22.084999999999997,64.3,637.0,2.0
489,2021-07-19 23:00:00,29361.5,1.0,22.653333333333332,60.516666666666666,638.0,2.3666666666666667
490,2021-07-20 00:00:00,29421.5,5.3175,22.975,58.983333333333334,638.0,2.433333333333333
491,2021-07-20 01:00:00,29481.5,57.44783333333333,22.551666666666666,60.333333333333336,638.0,2.216666666666667
492,2021-07-20 02:00:00,29541.5,1.1566666666666667,22.21333333333333,61.016666666666666,637.9666666666667,2.3833333333333333
493,2021-07-20 03:00:00,29601.5,9.917666666666667,21.87,62.65,636.7666666666667,2.7666666666666666
494,2021-07-20 04:00:00,29661.5,1.9044999999999999,21.77,61.43333333333333,636.0333333333333,2.45
495,2021-07-20 05:00:00,29721.5,55.31966666666666,21.653333333333332,59.85,636.1333333333333,2.15
496,2021-07-20 06:00:00,29781.5,9.225666666666665,21.3,60.983333333333334,636.0666666666667,2.183333333333333
497,2021-07-20 07:00:00,29841.5,8.097166666666666,21.341666666666665,60.38333333333333,636.7666666666667,2.1166666666666667
498,2021-07-20 08:00:00,29901.5,7.743666666666667,22.151666666666664,60.733333333333334,638.0,2.466666666666667
499,2021-07-20 09:00:00,29961.5,1.3018333333333334,24.71833333333333,55.03333333333333,638.0,2.1
500,2021-07-20 10:00:00,30021.5,0.9711666666666667,27.308333333333334,47.46666666666667,638.0,2.4
501,2021-07-20 11:00:00,30081.5,1.3668333333333333,28.105,45.266666666666666,638.0,2.2
502,2021-07-20 12:00:00,30141.5,1.0,30.423333333333336,39.483333333333334,638.0,2.1333333333333333
503,2021-07-20 13:00:00,30201.5,2.5756666666666663,32.068333333333335,35.85,637.9333333333333,2.1
504,2021-07-20 14:00:00,30261.5,1.8416666666666666,33.89833333333333,31.483333333333334,636.9666666666667,2.0833333333333335
505,2021-07-20 15:00:00,30321.5,4.7716666666666665,35.41833333333333,27.65,636.0,1.8
506,2021-07-20 16:00:00,30381.5,3.265833333333333,35.31166666666666,27.066666666666666,636.0,2.033333333333333
507,2021-07-20 17:00:00,30441.5,1.5731666666666666,36.74,24.7,635.9666666666667,2.2333333333333334
508,2021-07-20 18:00:00,30501.5,1.0,36.89333333333333,24.583333333333332,635.6,2.816666666666667
509,2021-07-20 19:00:00,30561.5,1.0,35.05166666666666,28.3,634.1,2.1333333333333333
510,2021-07-20 20:00:00,30621.542372881355,0.9854237288135593,31.959322033898303,31.23728813559322,634.4067796610169,2.0508474576271185
511,2021-07-20 21:00:00,30681.5,2.7544999999999997,28.823333333333334,35.81666666666667,635.7666666666667,2.0166666666666666
512,2021-07-20 22:00:00,30741.5,8.182166666666667,26.711666666666666,43.7,635.9333333333333,1.8333333333333333
513,2021-07-20 23:00:00,30801.5,20.87183333333333,24.836666666666666,47.916666666666664,636.0,1.8166666666666667
514,2021-07-21 00:00:00,30861.5,5.5056666666666665,23.375,52.733333333333334,636.0,1.95
515,2021-07-21 01:00:00,30921.5,1.0428333333333333,22.648333333333333,60.05,636.0,2.0833333333333335
516,2021-07-21 02:00:00,30981.5,10.4775,22.541666666666668,63.56666666666667,636.0,2.066666666666667
517,2021-07-21 03:00:00,31041.5,1.0,22.563333333333333,67.91666666666667,635.7333333333333,2.05
518,2021-07-21 04:00:00,31101.5,1.0,23.75,65.13333333333334,636.0,2.5
519,2021-07-21 05:00:00,31161.5,16.124166666666667,25.003333333333334,60.166666666666664,636.0,2.316666666666667
520,2021-07-21 06:00:00,31221.5,1.0,22.538333333333334,59.05,636.0,2.45
521,2021-07-21 07:00:00,31281.5,1.0,21.60666666666667,63.75,636.0,2.1
522,2021-07-21 08:00:00,31341.5,1.0,22.603333333333335,61.35,636.8333333333334,2.066666666666667
523,2021-07-21 09:00:00,31401.5,1.0,23.51833333333333,60.25,638.0,2.066666666666667
524,2021-07-21 10:00:00,31461.5,1.0,24.59333333333333,59.86666666666667,638.0,2.1333333333333333
525,2021-07-21 11:00:00,31521.5,1.0,25.583333333333332,57.75,638.0,2.316666666666667
526,2021-07-21 12:00:00,31581.5,0.991,26.065,54.46666666666667,638.0,2.25
527,2021-07-21 13:00:00,31641.5,1.0,25.528333333333332,54.0,638.0,2.8333333333333335
528,2021-07-21 14:00:00,31701.5,1.0,25.041666666666668,50.583333333333336,637.5333333333333,2.4
529,2021-07-21 15:00:00,31761.5,1.674,24.153333333333332,52.1,636.3666666666667,2.2333333333333334
530,2021-07-21 16:00:00,31821.5,1.0,24.696666666666665,49.78333333333333,636.0,2.2333333333333334
531,2021-07-21 17:00:00,31881.5,3.033333333333333,25.373333333333335,46.733333333333334,636.0,2.3333333333333335
532,2021-07-21 18:00:00,31941.5,1.3476666666666666,26.638333333333332,43.56666666666667,636.0,2.0
533,2021-07-21 19:00:00,32001.5,1.0,27.15,40.7,636.0,2.033333333333333
534,2021-07-21 20:00:00,32061.5,1.0853333333333335,25.990000000000002,44.93333333333333,636.0,2.0
535,2021-07-21 21:00:00,32121.5,1.9185,23.296666666666667,53.4,636.0,2.1
536,2021-07-21 22:00:00,32181.5,18.362666666666666,21.495,64.6,636.0,2.1333333333333333
537,2021-07-21 23:00:00,32241.5,6.990333333333334,21.236666666666668,66.25,637.7,2.5833333333333335
538,2021-07-22 00:00:00,32301.5,8.048166666666667,21.921666666666667,63.416666666666664,637.9333333333333,2.45
539,2021-07-22 01:00:00,32361.5,42.30983333333334,22.654999999999998,62.45,638.0,2.15
540,2021-07-22 02:00:00,32421.5,12.867666666666667,23.5,59.15,638.0,2.1333333333333333
541,2021-07-22 03:00:00,32481.5,5.3305,23.348333333333336,59.15,638.0,2.2333333333333334
542,2021-07-22 04:00:00,32541.5,1.0,22.421666666666667,59.8,638.0,2.1333333333333333
543,2021-07-22 05:00:00,32601.5,13.9085,21.758333333333333,61.233333333333334,638.0,2.2666666666666666
544,2021-07-22 06:00:00,32661.5,10.777666666666667,21.671666666666667,61.18333333333333,638.0,2.1666666666666665
545,2021-07-22 07:00:00,32721.5,23.821166666666667,21.726666666666667,60.55,638.0,2.1333333333333333
546,2021-07-22 08:00:00,32781.5,8.688333333333333,22.578333333333333,60.766666666666666,638.0333333333333,2.1333333333333333
547,2021-07-22 09:00:00,32841.5,3.451,24.51833333333333,53.1,638.1,2.15
548,2021-07-22 10:00:00,32901.5,1.3828333333333334,25.279999999999998,51.93333333333333,639.6,2.2
549,2021-07-22 11:00:00,32961.5,0.9966666666666666,25.82,51.1,640.0,2.433333333333333
550,2021-07-22 12:00:00,33021.5,2.8578333333333332,28.115000000000002,45.733333333333334,640.0,2.216666666666667
551,2021-07-22 13:00:00,33081.5,3.5123333333333333,29.825,42.68333333333333,639.9333333333333,2.0833333333333335
552,2021-07-22 14:00:00,33141.5,2.710166666666667,30.46333333333333,40.85,638.1333333333333,2.1
553,2021-07-22 15:00:00,33201.5,1.0,31.331666666666667,37.45,638.0,2.05
554,2021-07-22 16:00:00,33261.5,1.0191666666666666,32.56666666666667,37.21666666666667,638.0,2.1333333333333333
555,2021-07-22 17:00:00,33321.5,1.2016666666666667,33.33,35.55,638.0,2.066666666666667
556,2021-07-22 18:00:00,33381.5,0.9905,33.21333333333333,35.81666666666667,638.0,2.033333333333333
557,2021-07-22 19:00:00,33441.5,6.102666666666666,29.483333333333334,43.416666666666664,638.0,2.033333333333333
558,2021-07-22 20:00:00,33501.5,1.2945,25.933333333333334,47.916666666666664,638.0,1.9166666666666667
559,2021-07-22 21:00:00,33561.5,7.206833333333334,23.790000000000003,53.583333333333336,638.0,2.1
560,2021-07-22 22:00:00,33621.5,9.443000000000001,22.240000000000002,60.833333333333336,638.0,2.15
561,2021-07-22 23:00:00,33681.5,19.8155,21.563333333333333,65.16666666666667,638.5333333333333,2.5
562,2021-07-23 00:00:00,33741.5,18.7375,22.098333333333336,63.166666666666664,639.3666666666667,2.65
563,2021-07-23 01:00:00,33801.5,22.288166666666665,22.7,61.416666666666664,639.9333333333333,2.5833333333333335
564,2021-07-23 02:00:00,33861.5,111.97533333333334,22.85,62.96666666666667,639.5,2.433333333333333
565,2021-07-23 03:00:00,33921.5,64.14883333333333,23.198333333333334,62.78333333333333,638.2333333333333,2.1333333333333333
566,2021-07-23 04:00:00,33981.5,45.914,23.78666666666667,61.5,638.1,2.066666666666667
567,2021-07-23 05:00:00,34041.5,42.63066666666667,24.441666666666666,59.583333333333336,638.0,2.05
568,2021-07-23 06:00:00,34101.5,22.230166666666666,24.08,59.5,638.0,2.0833333333333335
569,2021-07-23 07:00:00,34161.5,25.555333333333333,24.188333333333333,59.71666666666667,638.7,2.1166666666666667
570,2021-07-23 08:00:00,34221.5,21.091166666666666,24.215,58.6,640.0,2.1
571,2021-07-23 09:00:00,34281.5,21.878666666666668,24.82,55.96666666666667,640.0,2.15
572,2021-07-23 10:00:00,34341.5,10.385666666666667,26.813333333333333,48.4,640.0,2.4
573,2021-07-23 11:00:00,34401.5,2.7896666666666667,27.654999999999998,45.43333333333333,640.0,2.1166666666666667
574,2021-07-23 12:00:00,34461.5,14.485666666666667,28.029999999999998,44.983333333333334,640.0,2.066666666666667
575,2021-07-23 13:00:00,34495.0,39.70142857142857,28.071428571428573,45.42857142857143,640.0,8.142857142857142
